timestamp,nodes,edges,components,density,bridges,diameter,transitivity,average_clustering,degree_assortativity,label_communities,lpa_communities,label_non_randomness,lpa_non_randomness,label_relative_non_randomness,lpa_relative_non_randomness
20190120,1137,3240,1,0.005016908840908246,505,6,0.024472537797898694,0.12870694533218133,-0.17540083687334013,11,19,-5.212119748276381,-4.315611702630369,-72.74007025575855,-71.13188183401762
20190121,1222,3760,1,0.00504000504000504,522,6,0.028035579106737322,0.15505252060310917,-0.17280224700556532,11,14,-6.388070142921947,-14.85181515784032,-78.36300406622252,-83.6850452116543
20190123,1204,3686,1,0.00508971204325841,512,7,0.027493831512160734,0.15822171447126324,-0.17399248432788708,9,14,-7.075949599548871,-14.589810335689434,-79.49872893300888,-82.78535040274578
20190128,1148,3353,1,0.005092819018861505,509,7,0.025175693945410034,0.16150994568945173,-0.17946194568289014,9,21,-6.807718999085218,42.395527491283104,-76.26282987896852,-49.07481462238966
20190129,1139,3205,1,0.004945293176421213,517,7,0.02472630395870624,0.1612940713879198,-0.1825322885485687,12,16,21.75373172017532,-12.881487879934216,-49.08830547903337,-76.49703334738709
20190130,1076,2793,1,0.004829255641047809,497,7,0.021851175775797274,0.1670648665983627,-0.19202978777388707,10,17,21.20629223568327,11.253805797626423,-41.80916438800512,-57.42900942292469
20190220,2588,12684,1,0.003789008052986368,824,7,0.07606674970210055,0.29095881801142004,-0.33152678282112524,3,10,59.887168658916394,30.80316878953711,105.15829883869988,-89.90990523692234
20190225,3014,18836,1,0.004148358660799882,789,7,0.08097286400795939,0.29852602517524124,-0.3402934602092942,4,8,39.748653951003405,38.240611186953195,-39.52127909907105,-96.99033406308568
20190226,3071,19292,1,0.0040925034763581135,804,7,0.08008772110719865,0.29705175333156225,-0.33521610419122405,5,7,15.07241591658136,17.075918207074402,-117.56878306530356,-124.36097029521088
20190227,3127,20154,1,0.004123579718960671,804,7,0.07889101229425426,0.2990616941961061,-0.3370598670173582,4,7,40.90569029223762,63.32071782117619,-40.77191573237509,-54.01523920468664
20190228,3165,21279,1,0.004249824746406552,784,7,0.07983961933563888,0.289541010234277,-0.3252977169243417,5,7,16.4687811684976,64.8281278062512,-122.02988450291662,-56.97642889156226
20190303,3333,23596,1,0.004249404532289964,782,7,0.07956772622556757,0.29205326015508226,-0.31309554985422755,7,11,68.3094646353624,65.56731525677586,-59.53227659574024,-101.78057383581323
20190304,3374,24137,1,0.004241816397905822,778,7,0.07930342967830149,0.29135423841627534,-0.3129752252002532,8,12,44.774940620259315,44.9760485174152,-106.95576044223132,-128.1661569598782
20190306,3520,25445,1,0.004108379188302462,814,8,0.08067610278578358,0.29963220227051846,-0.3146742596606164,9,13,22.70767096324746,67.88596856306644,-144.88613824973862,-115.44940974359952
20190311,3461,24264,1,0.004052422284314233,825,8,0.0827584395770676,0.30391010686683534,-0.31567544182758384,6,14,45.86470033583713,45.7165697858764,-82.95007848896611,-133.68280619767623
20190312,3441,24050,1,0.004063515878969743,818,8,0.08282571950558337,0.30494183716705764,-0.31677368763966846,8,10,-1.1170965142106937,-0.371123154279843,-169.88697375738138,-169.31861870438453
20190313,3423,23651,1,0.004038244399243062,816,8,0.08356340041664477,0.3059880824798208,-0.3117479296457745,9,14,-22.733861446549454,44.98983197096364,-195.80165554617125,-132.16343042717475
20190314,3416,23283,1,0.003991722700169043,826,8,0.08342311212105069,0.30564304441194035,-0.31339932731998116,6,12,45.20793163087204,43.877870829738825,-80.35235339802367,-125.25997956155048
20190317,3360,22177,1,0.003929918201278726,858,7,0.08459683137032738,0.3098867983861654,-0.3143334288492339,7,13,21.467334462258805,64.28852075952597,-126.99100826682245,-106.55031348629974
20190318,3344,21968,1,0.003930229129782006,861,7,0.08468282339046135,0.31089091295543214,-0.3157076950425172,10,11,-0.49822634801667576,21.33339508378845,-162.5637150045567,-140.00088188668042
20190428,4136,33168,1,0.0038787629309639136,910,6,0.07773655000772074,0.33928378017552957,-0.35935658187451713,5,9,84.61717150373853,80.72854532159607,-1.539017005134091,-92.9814088038637
20190429,4137,33157,1,0.0038756020233501605,912,6,0.07769428751782455,0.3398138775115753,-0.35949971598338243,6,9,54.34549517016623,80.69558395488787,-91.51520125474784,-92.95421183695127
20190501,4143,33195,1,0.0038688121295739133,914,6,0.07776018146603263,0.34170217259049884,-0.3590273607823957,8,11,55.232165991681114,79.30190796245662,-116.58241009234494,-113.58179121839632
20190506,4095,32734,1,0.003905056567489396,912,6,0.07787769486306317,0.34354677565058145,-0.36019385447595154,3,8,92.97934125706678,54.619700329166676,158.89811387994052,-116.45977966532107
20190507,4090,32604,1,0.0038990648773828767,911,6,0.07785055148401548,0.344809133625423,-0.36117966501768817,6,8,54.00520223133725,54.58360131478061,-90.84661946719383,-116.09254105433675
20190508,4082,32448,1,0.003895635670662711,908,6,0.07780114118127793,0.34634010968049833,-0.3618734598732765,5,11,84.16241581816337,78.43927837276084,-0.848208084976249,-112.59848230358492
20190509,4070,32231,1,0.0038924377582524546,906,6,0.07769485710664521,0.3472681292803729,-0.3635578411083675,7,9,81.43711959825595,79.68743284313493,-59.66445031848414,-91.78458448650706
20190617,4305,30663,1,0.003309780708003575,1049,6,0.06794321143419521,0.31836278182295585,-0.3135357453982868,8,13,53.383124299548534,76.05001674838368,-106.63238947416866,-117.5758740528983
20190618,4301,30650,1,0.003314534748544146,1044,6,0.06799551138482866,0.3188544106669815,-0.3133786334623642,6,14,52.543363182685496,54.097212110182205,-80.64729209361374,-142.58285345759683
20190619,4302,30633,1,0.0033111562715945854,1041,6,0.0679880660190744,0.3199155220184371,-0.31365384655634904,6,10,52.53698197127393,53.45361711182535,-80.56173896299815,-123.33056744822164
20190620,4346,30990,1,0.003282253114777712,1049,6,0.06749992711505069,0.31950287122572724,-0.31188117239653007,5,16,81.97485788736458,53.95522490163628,13.661175768883172,-149.94243745091282
20190623,4333,30774,1,0.0032789652048666007,1047,6,0.06749200364781578,0.32266756724970724,-0.3129004864151835,9,15,28.740867781034066,32.940669131373966,-150.1235553117416,-163.90527208801166
20190624,4323,30695,1,0.0032856979386540553,1041,6,0.06752728340352307,0.3226602925616333,-0.3129575869979645,8,14,53.59886069098131,54.31645586956357,-106.06180711548886,-142.3008333240104
20190626,4290,30409,1,0.0033053602183935596,1037,7,0.06731304460295182,0.3221716925443617,-0.3134311681686867,4,13,50.537080140216325,32.46288121305949,-31.55178104277484,-158.6897672352033
20190715,4359,29087,1,0.003062350044918749,1116,7,0.0771976107629527,0.31745473329202656,-0.3284562460153401,8,11,53.574696744401614,31.617297281379066,-98.70506583594894,-148.5514585906856
20190716,4380,29199,1,0.0030447309231168684,1122,7,0.07734755485293487,0.3165656505882955,-0.3281388505453071,6,14,53.73861738195569,53.556767248654296,-69.46454182261004,-136.93085237649666
20190717,4390,29421,1,0.003053917668472278,1125,7,0.07721546432603381,0.3170314284958963,-0.32861795043412917,5,11,81.01502492395655,31.950277934105255,23.069480413672203,-149.10180403526306
20190718,4405,29524,1,0.003043770960462112,1130,6,0.07704064755846339,0.316676118339205,-0.3279426139947584,3,8,85.0022697258008,53.961837649762565,178.69403997027115,-99.139035128344
20190721,4412,29974,1,0.003080364694461818,1114,6,0.07816352059050925,0.31843981703549007,-0.32756356354998295,5,15,81.84496368866395,33.90262619879712,22.576036079659993,-160.0043737772055
20190722,4421,30107,1,0.003081446940302403,1114,6,0.07816647479890114,0.3192649736404951,-0.3278777493089721,7,13,79.86049808807516,33.5138495507033,-41.37394472447026,-155.88024197735726
20190724,4436,30290,1,0.0030792440247518764,1108,6,0.0780145190862213,0.32084183072369493,-0.3273968036219943,11,14,32.94213340648906,54.88553454609212,-150.6114544964898,-139.14407884809896
20190729,4475,30667,1,0.0030634603906369014,1117,6,0.07772367639505119,0.323402327097802,-0.32911845844688464,6,13,55.060784615976104,33.80088395224712,-71.14836603402665,-157.13616975430674
20190730,4473,30367,1,0.0030362057057111104,1121,6,0.07787762279553485,0.3206941385550399,-0.32383530778459635,6,12,55.0716989998938,55.82804109023917,-69.78259181676951,-129.1858895198596
20190731,4469,30050,1,0.0030098922789101403,1136,6,0.07855572709687673,0.3149899660019685,-0.31841996931803673,7,12,80.34861763579703,55.86034002264683,-38.66734646446147,-128.03489648497106
20190801,4469,30157,1,0.0030206096990047625,1130,6,0.07878477115991443,0.31584203595619637,-0.319745806212903,9,14,79.7136315936364,55.391212794096305,-73.36656501894464,-137.89878821175856
20190804,4610,30049,1,0.002828475269314164,1271,6,0.07792466973199819,0.303414465870789,-0.3161370674142982,6,9,55.487168099986114,79.40253078106406,-64.08315450631548,-69.94439185042141
20190805,4622,30034,1,0.0028124011214021066,1279,6,0.07778926768886496,0.30263987979876683,-0.3160034033693765,5,12,82.43556072848307,55.78124023151959,33.37470004293925,-126.2493250627128
20190807,4637,29816,1,0.002773951427567175,1312,6,0.07751204110902919,0.29727020312478114,-0.3150179009076593,8,13,55.084372504116715,33.57586977034062,-94.41504569670357,-153.54927659557086
20190812,4659,29680,1,0.002735279418284956,1351,6,0.07723741501409276,0.29502116075721985,-0.31489888274557587,9,16,79.12029938218707,54.32475499955021,-67.4505906330036,-142.24042589421123
20190813,4676,29721,1,0.002719175857604882,1361,6,0.07731824967750893,0.2945396757371948,-0.31476428468273826,10,16,55.68444844125637,54.45942829300394,-111.54180482117542,-142.13574227786816
20190814,4664,29577,1,0.002719945235088535,1360,6,0.07730526063756497,0.2946053999108592,-0.31484421400069207,9,17,78.95661199376525,-6.0959736294465365,-67.0520959778534,-193.97278563914648
20190815,4652,28262,1,0.0026124431122071215,1355,6,0.07535057325673566,0.2827313584677396,-0.2947664404136039,8,15,54.51940042385195,33.61983904677798,-88.28381734602422,-153.2053925370441
20190818,4629,28318,1,0.002643699214657584,1332,8,0.07566680388364301,0.2826524574482121,-0.2937360835452853,9,16,77.96477009669104,53.45526114992567,-63.2981559887339,-138.24179849838953
20190819,4626,28315,1,0.0026468491838141646,1336,8,0.0759649831682913,0.2821518147438055,-0.2941679189740827,10,15,54.7375713393909,33.439719083473285,-107.75799361186733,-153.678040432728
20190821,4609,28080,1,0.002644282924712519,1333,7,0.07669799508749683,0.2824927061264056,-0.2936263765492091,8,13,54.77313888533044,33.0682167876745,-87.7959661330536,-148.25402263135032
20190826,4640,28338,1,0.0026330362518675993,1353,7,0.07634448612299632,0.28282000743475755,-0.2960378642386328,10,14,55.18184049447974,54.50617739490339,-107.06218772590123,-130.22170527257558
20190827,4657,28561,1,0.002634415029069789,1353,7,0.0761231032246013,0.28059093279795116,-0.2948516117946899,7,14,30.78675124045547,54.44382519184677,-123.0269183438483,-130.98458427522843
20190828,4666,28603,1,0.002628120048385415,1365,7,0.07615758589357921,0.2796717912682969,-0.29487908363457777,7,14,30.86915357703285,54.54479875599175,-122.92977869417832,-130.95632359776548
20190829,4670,28612,1,0.0026244448898218374,1369,7,0.07625433485069037,0.2795524463061246,-0.2945985550169522,10,16,55.46154726137353,54.048901523301126,-107.41094511020937,-138.4957255669344
20190901,4655,28445,1,0.0026259706605823293,1371,7,0.07621035755982115,0.2797734209253399,-0.29599186513871173,7,16,30.866799369464424,54.09976513946771,-122.45970173732016,-137.97039469206916
20190902,4651,28378,1,0.0026242940008276636,1371,7,0.07609243597350278,0.2794531343587967,-0.2968062682300776,12,15,54.92330965798713,33.733815721066634,-120.4896318211835,-153.51673807420093
20190904,4720,29002,1,0.0026041498306521417,1363,7,0.07524846638103777,0.2856907896916493,-0.2964774109370855,10,14,55.78202683595728,54.791867413541596,-107.91296322136262,-131.72560025839056
20190909,4746,29387,1,0.0026098845592117505,1347,6,0.07363357001918917,0.28727570077520764,-0.29586415730783755,11,16,77.31979414332889,54.61077441332638,-88.81831707353047,-140.20320042083065
20190910,4748,29407,1,0.002609460788341646,1352,6,0.07362217269109228,0.28799995580116655,-0.29594469499209025,8,17,54.85907267284395,34.41559737016533,-91.01778841590519,-160.01257904139237
20190911,4766,29477,1,0.002595950064266871,1357,6,0.07361313612542435,0.2881495171194635,-0.29602087142504835,10,18,55.16389596434587,14.853085524499843,-109.99022829603071,-177.3437927874388
20190912,4736,29042,1,0.0025901495476469078,1352,6,0.07403887178974856,0.28836434596288246,-0.2966100123967957,10,19,54.9904442389748,34.741550745564346,-108.89623120798822,-161.96115453296198
20190915,4716,29040,1,0.002611987620042148,1354,7,0.0754132631334443,0.28808104782640387,-0.29063109491109057,12,16,56.15865753166628,55.38741888658723,-120.85778764850502,-138.49797485539239
20190916,4729,29104,1,0.0026033699973415283,1355,7,0.07532178092467802,0.28771788135761733,-0.29090576754932673,9,17,79.48606288767935,35.03553608257556,-62.487094797664604,-158.57190953086774
20190918,4741,29187,1,0.002597593308040017,1364,7,0.07525487176998885,0.28795414059469526,-0.2925939514616193,12,16,56.21756224869128,55.255047539837165,-121.0739977863926,-138.9441939601626
20190923,4759,29222,1,0.002581070039104686,1381,7,0.07517468296088972,0.2825641420911687,-0.2903512310359451,9,18,79.48304814068243,54.223210664539664,-62.405201019075854,-145.4783873896208
20190924,4762,29307,1,0.0025853169136995334,1378,7,0.0751452508902252,0.28342584689537115,-0.29012369388136644,7,17,79.59973482853403,34.27911632460855,-27.08520308478412,-159.74124968434228
20190925,4763,29294,1,0.002583085016863593,1377,7,0.07420800979830257,0.28527345938622256,-0.2925921774929754,10,14,55.891350883498745,54.861369403383776,-108.33385184336873,-132.3297405692795
20190926,4754,29222,1,0.0025865027255996056,1374,7,0.07404176905625261,0.28730727636933945,-0.2940060899727587,7,15,78.9541660172697,33.888041300376315,-28.215252120903475,-155.73800902380913
20190929,4767,29255,1,0.0025753182659388695,1390,7,0.07361107323140412,0.2858750655061446,-0.2937091697240392,9,16,78.59409971901158,53.81939392299312,-63.76822174191695,-140.26157560621584
20190930,4762,29270,1,0.0025820529588147997,1386,7,0.07378946154081586,0.286915813356787,-0.2938948715469005,9,17,78.72996775671503,33.398683806429716,-63.74402812837817,-160.35251342310534
20191002,4735,29212,1,0.002606411905338674,1378,7,0.07433332394281292,0.28690278587736495,-0.2943550142772159,10,17,55.7521643225907,33.62097937967922,-108.5387499367158,-160.0839828351863
20191007,4712,28822,1,0.002596783383469458,1380,7,0.07421591578163601,0.2832592952604899,-0.29029482779567306,13,19,33.120382526620446,33.76457450826648,-150.18912151799708,-162.0479225973424
20191008,4690,28482,1,0.002590284115479635,1378,7,0.07393434932770769,0.2829732497947999,-0.28943497750802194,15,19,33.332884708792974,33.56272015199514,-154.0376947240847,-161.14594515863453
20191009,4687,28294,1,0.002576481966584047,1385,6,0.07350639719539048,0.2821309343238079,-0.2882208605904641,9,17,77.54238328025596,32.838051751232996,-62.49145511158782,-157.84792384154406
20191010,4680,28160,1,0.002571957263130591,1389,6,0.07354624330810412,0.2826938195947897,-0.28876426876945693,13,17,32.30414212569169,32.73111059774666,-148.9568818908618,-157.51244760413962
20191013,4526,27555,1,0.0026908982600225098,1248,7,0.07326093809224203,0.292036319798871,-0.2905823143851122,12,19,54.019901315903795,32.80799666709372,-119.61392385654374,-159.2031320214311
20191014,4545,27625,1,0.0026752235082663197,1260,8,0.07302774816954198,0.2923287747849736,-0.2904422107897595,19,22,32.75269638351811,51.63368543995472,-159.40841567364564,-151.1633270100965
20191016,4615,28121,1,0.002641261862126713,1286,7,0.07220856035537687,0.29012238420244857,-0.291550107187057,14,18,53.08696663785119,52.00023519352609,-131.0671328957081,-144.28514453426533
20191021,4628,27906,1,0.0026063620039380292,1305,7,0.07246512135878824,0.2930732098810453,-0.2924147572514669,12,20,54.388892491002935,51.90235771226076,-119.47632356262608,-147.86708440548384
20191022,4635,28009,1,0.0026080855400657118,1300,7,0.07249160124394068,0.2937540238410216,-0.29254957583769436,13,20,32.330715692723395,52.01830023542953,-148.6626786222063,-148.1110056810803
20191023,4642,28110,1,0.002609601159921762,1302,7,0.07271325632283135,0.29403295699848275,-0.29338807559631047,7,17,77.74834534328807,32.301535915661475,-27.892732793287703,-157.86860973495703
20191024,4651,28182,1,0.0026061686352570725,1297,7,0.07270816320948968,0.29384539042697744,-0.292963386125219,13,19,32.61719290002459,71.5629270167625,-148.86843508595788,-131.96752467910247
20191027,4676,28424,1,0.002600513259195894,1302,7,0.07277007822195442,0.293816751848428,-0.29255613639972766,12,18,54.91014128770318,52.50367131968203,-120.39231988249325,-144.56624086772675
20191028,4682,28434,1,0.0025947642413855316,1308,7,0.07270226419937945,0.294082310843757,-0.29243858183903704,11,17,77.39282880067525,32.48926566181762,-85.69694174485784,-158.64777224403932
20191030,4685,28319,1,0.0025809609132841243,1320,7,0.07151388939592007,0.28781264860078004,-0.2935173920398257,10,14,99.9091570702596,52.94736604079161,-43.43367001973928,-131.30469218894257
20191104,4689,28352,1,0.0025795613435555,1323,7,0.07085717530429565,0.2851682208940975,-0.2924918661690243,10,16,99.88654441584066,11.417446220929953,-43.53010152169258,-175.1573953262636
20191105,4651,27988,1,0.002588228222396386,1307,7,0.07056607042858326,0.2862592580507987,-0.2930467567661559,9,14,76.58771276175042,52.49186897699907,-63.346329784264974,-130.80653118280296
20191106,4652,27937,1,0.0025824012180925044,1310,7,0.07037735342326411,0.2864541071614647,-0.2926532255973592,10,16,99.2618271496581,11.391409020392587,-43.178645577729164,-173.92050185919766
20191107,4658,27989,1,0.002580546300609995,1315,7,0.07034188630437364,0.28660318659256756,-0.29258868488457174,9,17,76.64695906784459,31.5213589350884,-63.13914507302403,-158.0432750910311
20191110,4655,27884,1,0.0025741805554465695,1322,7,0.07042550162215806,0.2862916747885852,-0.29287794675900386,7,13,76.29763213487495,31.67936081173312,-29.206949356930014,-148.83126375211438
20191111,4650,27828,1,0.002574539096163587,1321,7,0.0705058613344589,0.28596532091547544,-0.2932179272739146,6,14,51.63028314918053,10.96106131476412,-61.20689416949744,-172.2170177622234
20191113,4614,27464,1,0.002580671592907889,1312,7,0.07048753479442807,0.2852307384250815,-0.29406399270592276,6,13,51.42367141378614,31.540651146292664,-60.7562232932321,-147.73659914720204
20191118,4389,24510,1,0.0025453124815020896,1305,9,0.06778543597381845,0.2688274769379545,-0.29069824182225584,8,13,47.71862941580648,27.001022754063932,-87.57916269695211,-143.1972252017397
20200127,4084,24595,1,0.002949929990886941,1227,6,0.07958307783051596,0.22509604455858373,-0.2700162225212822,14,23,51.71539647272505,33.85726638556673,-123.65359958579428,-154.75956824994222
20200128,4082,24619,1,0.0029557031119343343,1227,6,0.08029627430849948,0.22563800845197957,-0.27054105048697924,15,21,32.90398434471274,69.14661333293083,-143.80285988533512,-130.12511702333344
20200129,4088,24647,1,0.0029503839437441137,1234,7,0.0804955699579299,0.22494978910833902,-0.271116608554297,13,22,32.8890237813925,51.495631513347625,-139.09141430595255,-143.0976051580844
20200130,4064,24604,1,0.002980129883469218,1198,7,0.07977921057431911,0.22544351145437996,-0.2722900172213128,18,20,14.429541374391302,51.14655445983824,-162.81889981623428,-139.8839190766349
20200202,4747,27394,1,0.0024318595078702534,1467,7,0.07442831073467825,0.2708738183246072,-0.29254364101947694,11,18,77.69836678258429,54.01918120524443,-79.31709188106886,-139.0693106487681
20200203,4915,28582,1,0.0023668129466705256,1502,6,0.07278822564838361,0.2790184790663971,-0.2984616947629243,9,15,78.71382655159887,-6.599916679592027,-56.87919666301767,-192.6122956669604
20200205,4945,28874,1,0.0023620668780534094,1504,7,0.0731230859315688,0.2796027598790733,-0.2977814612211508,12,16,57.11483339183698,14.486799401685921,-116.38954725814725,-173.79395741224357
20200210,4967,28739,1,0.002330240643421775,1535,7,0.07250347763773553,0.2760429243556941,-0.298433104225889,12,16,56.91893580067812,-26.245355061828366,-115.83203411246333,-211.2661122467524
20200211,4967,28745,1,0.0023307271406506464,1537,7,0.07249616067277527,0.2752310276543043,-0.2978036223734655,11,20,79.37081976808703,54.470285625845804,-79.18923127740132,-146.83539129329878
20200212,4997,28916,1,0.002316522018895885,1542,7,0.07243560507639157,0.2761525367309197,-0.29842251507389067,15,16,-6.3569547394638555,14.605002460962854,-193.5362335479977,-173.7638901990333
20200213,5015,29155,1,0.002318930722789748,1548,7,0.0724265541345995,0.27542009228851355,-0.29826451213280253,11,17,79.82144305880537,35.084005441909724,-79.5622507064559,-157.4489975291479
20200216,5047,29418,1,0.0023102692007849167,1551,7,0.07250181890830291,0.2753965276897007,-0.2987071873971288,7,16,79.09084825342673,14.915293417629435,-20.123517900433672,-174.9655993853185
20200217,5069,29746,1,0.002315792653333485,1535,7,0.0727624864438492,0.2777528046594753,-0.298680297813292,7,16,79.46658496822955,15.051065972096723,-20.471953782369894,-175.81658476212465
20200219,5070,29841,1,0.002322272170671946,1527,7,0.07306834493567518,0.2788533229314949,-0.29903706268570923,11,14,80.59906781726517,57.46317843182168,-80.60279655283135,-128.71180787307665
20200224,5032,29362,1,0.0023196404865351516,1524,7,0.07252057413213611,0.2834620592468005,-0.30173375619667064,13,15,35.62784069836697,35.74758551516138,-147.4681538634422,-153.0472463376416
20200225,5036,29383,1,0.002317613086472532,1520,7,0.07248452091580697,0.28483766980136793,-0.30210276701981736,8,13,104.49344022977787,35.75698076569213,5.636386030251919,-147.3696533402564
20200226,5044,29407,1,0.0023121535445446715,1528,7,0.07249677368942543,0.28436493758983705,-0.302548508951834,10,14,103.45482957015903,14.441982816659966,-34.41445021850797,-173.13302057688318
20200227,5049,29289,1,0.0022983164355402635,1536,7,0.0717856225075428,0.28371748748095366,-0.30240635448445885,10,13,103.05481656580224,35.31562466340189,-34.24285038106443,-147.47184342141844
20200301,5053,29194,1,0.002287235901189278,1555,7,0.0723363439713296,0.28157082924026816,-0.3046225747103326,8,16,54.28538170303007,14.93712890006141,-85.94355155296213,-174.25169387638243
20200302,5099,29257,1,0.0022509971454952628,1595,7,0.07250777517806739,0.2784129778211832,-0.30409017598924304,8,15,54.177019674947246,35.683128023329985,-85.6306608964912,-152.41007766364967
20200304,5098,29243,1,0.0022508028438177736,1596,7,0.07256419792594643,0.27748808917818735,-0.304437150927558,10,16,103.1672271988197,56.475993978815566,-32.427551502255454,-135.08959451599785
20200309,5108,29153,1,0.0022350976495325793,1612,7,0.07251386245408888,0.2769729287081446,-0.30777229327429007,10,19,103.47167099307183,36.24759682032043,-31.209232471917105,-159.70161456842723
20200310,5106,29060,1,0.002229713425046219,1618,7,0.07251604253355402,0.2765525848652046,-0.3079306197480111,11,16,80.24792929586937,15.353036238158012,-76.88870927265206,-173.3961009448042
20200311,5099,28859,1,0.0022203755211350376,1621,7,0.07248347867257478,0.27618210595716136,-0.30901960456179606,9,16,79.30112044079043,15.08488678466179,-53.08544602174931,-173.0392692499768
20200312,5088,28728,1,0.002219864916490796,1624,7,0.07246284493548072,0.2759994564622008,-0.30912272928949336,10,17,102.69735841711582,35.52853963922039,-30.635484348104637,-155.31003514366938
20200315,5046,28252,1,0.002219579865239794,1604,7,0.07199917744087506,0.2776355766170992,-0.31048828692426134,12,20,56.77809194236441,54.689021324191884,-113.13517223014867,-144.3888011312106
20200316,5065,28381,1,0.002213015942822299,1601,6,0.07181484121977454,0.27956852690977074,-0.31147312668530774,14,21,56.58647196228359,73.97046313449741,-124.12337107297854,-132.77866681609518
20200318,5081,28441,1,0.002203748099682777,1612,7,0.07192054694148384,0.2776584834414291,-0.3106955383990242,16,21,56.283467224590055,74.43466385317586,-132.43165211645015,-132.5556286564743
20200323,4857,26363,1,0.0022355173446568567,1626,7,0.06963295048341876,0.25077025120618585,-0.30119304510976547,14,20,52.86310881978439,50.57041544591304,-122.23933952504494,-141.82355068091283
20200324,4867,26431,1,0.002232081970636776,1633,7,0.06963414848873102,0.25052753484692203,-0.30137314613342897,16,22,11.947198550177689,50.59915813319152,-168.58870837858703,-145.74608599598025
20200325,4876,26470,1,0.002227130266506805,1634,7,0.06959290658848998,0.25080924923435094,-0.30150052369077357,16,21,11.88416140100739,69.30236561500803,-168.76888464849438,-130.43717421733953
20200326,5124,28335,1,0.0021588364180275296,1705,7,0.0727567429195023,0.271728387800705,-0.30947388932105696,10,18,102.23728024086137,15.691077170544151,-28.34063272384865,-172.77926553791585
20200329,5194,28890,1,0.0021421864583117834,1728,7,0.07284231006107068,0.27335757204092104,-0.3114644414415811,11,23,80.32649817420048,74.48155305703385,-74.38376167024398,-138.27448683850665
20200330,5219,29046,1,0.002133167493747049,1734,7,0.07273080776240796,0.27417945921691816,-0.3117540096539564,11,20,80.53644660104376,56.0055790328104,-74.34357833061927,-145.15047344445944
20200401,5218,29040,1,0.0021335444543162507,1729,7,0.07287952814397737,0.2735764263476274,-0.31187626935266977,15,23,36.1190883879391,74.77439297031938,-150.63964366641608,-138.4438288865531
20200406,5216,28564,1,0.0021001829314918623,1721,7,0.07223261633984232,0.2755716285465649,-0.3134681890834583,14,24,56.41818694676836,55.13336096730397,-123.57785646148506,-151.8093201141893
20200407,5220,28630,1,0.0021018104347583504,1723,7,0.07245935866760073,0.2753639859635356,-0.31314275529348584,11,24,80.06660720864161,55.335213874713745,-73.00030069141802,-151.8876438907259
20200408,5223,28655,1,0.0021012296244705586,1722,7,0.07249621460478588,0.27526738179644716,-0.31289757639138394,11,21,80.15270737601868,74.76437509047452,-72.93944433302686,-131.88481245762827
20200409,5230,28792,1,0.0021056272801302633,1730,7,0.07292865767445353,0.27494745301172563,-0.31326603588621627,13,23,35.87503770960212,37.06375512292179,-144.01131987693333,-163.19742995116442
20200412,5253,29049,1,0.0021058579081999927,1724,7,0.07297945918438158,0.2755387973080138,-0.31304443625505146,10,21,103.88064987480985,75.47647228088789,-26.139656500147474,-132.61556120264564
20200413,5257,29085,1,0.002105259957803598,1725,7,0.0731446066147872,0.2765155949614302,-0.3130960732325225,13,21,36.522941706785865,75.77385258624275,-144.1225929100446,-132.4947845626972
20200415,5239,28949,1,0.002109840717192793,1721,7,0.07306846955992972,0.27721721986008696,-0.3141297983585427,11,25,81.120964545654,74.26427160526744,-72.68455863328104,-142.5706935657578
20200420,5273,29060,1,0.002090703434653071,1747,7,0.07304965727984776,0.2748159414215948,-0.313731972105671,8,23,55.71756955328256,37.52545500780914,-78.77954661354083,-163.62794875615762
20200421,5339,29171,1,0.0020471177436918197,1805,7,0.072796089216895,0.2719078254277106,-0.3150004251238107,12,22,58.829135475710345,56.513942887098345,-110.80305614066336,-148.72464332086582
20200422,5366,29348,1,0.002038863313555822,1813,7,0.07269941379750917,0.27044311351273603,-0.3148194681175691,15,23,36.78351287151676,37.70351705957033,-150.25545624753494,-164.1546046339671
20200423,5364,29307,1,0.0020375336686326603,1814,7,0.07271024568516324,0.27085118693232063,-0.315081575696744,14,23,58.243876192680595,37.69439773567201,-122.97279952679524,-164.03268540148267
20200426,5408,29007,2,0.0019839912758280688,1886,7,0.07220412333328642,0.26805798797973396,-0.3154748336652822,13,23,36.48769286055082,37.45192855561977,-142.9979137242841,-163.06588254485249
20200427,5426,28996,2,0.001970101287367021,1893,7,0.07197242458035831,0.2667729478676136,-0.3148700029854789,15,22,36.35338313233679,56.19015822429658,-149.21510035851654,-147.86778601808305
20200429,5439,29073,2,0.0019659007206950254,1903,7,0.07211499852771903,0.2665311677818513,-0.3152375400942388,16,25,15.83011273830256,74.39105635787551,-172.6270989092934,-141.53454980066257
20200504,5484,28981,2,0.0019276477270172524,1955,7,0.07151520990222206,0.2638676472309553,-0.3159943986359938,19,27,35.85434442366972,37.45555300651291,-158.04378243666332,-167.18443447415015
20200505,5481,28987,2,0.0019301581974625016,1955,7,0.071551909458287,0.26419853019048894,-0.31606656889058365,16,30,15.417648658682538,54.14027202553133,-172.73968233315375,-160.7192446995414
20200506,5436,28596,2,0.0019357812883952633,1939,7,0.07101127592203096,0.2654824613268118,-0.3160283321443216,17,26,35.40076998287499,55.03598064876485,-153.52952483709768,-153.97400599333045
20200507,5465,28762,2,0.0019264077672503982,1953,7,0.07098447004996905,0.2650344414472557,-0.31612052358554527,17,27,35.52127027137167,36.998653480091164,-153.86875911226812,-166.79965092439514
20200510,5546,29056,2,0.0018896632053841355,2004,7,0.07056632020345482,0.26103645305690004,-0.3171106700034887,18,29,14.83015230932751,36.54132597458964,-175.44140781604125,-169.63114415881495
20200511,5545,28869,2,0.001878178929576585,2020,7,0.07029976596087015,0.2604819084814326,-0.31830547298523865,15,26,35.01902426324128,54.572952592462926,-149.659174635909,-154.7191326903907
20200513,5507,28585,1,0.0018854581999820457,1999,7,0.07024837225077,0.26169312741200373,-0.319230976155152,20,31,54.175429040807536,35.746236848259386,-143.17101288221843,-170.23976234502467
20200518,5517,28597,1,0.0018794173405347542,1994,8,0.07005558442307962,0.26211966820835625,-0.3190629814436741,20,30,54.2427956717592,18.72237382629911,-143.0898034731245,-178.97203290726895
20200519,5518,28613,1,0.0018797872968740136,1993,8,0.07003106779555274,0.2619666872756542,-0.31915557900189384,21,32,73.84601526360828,52.60528343696846,-129.90781822619982,-162.21532709107157
20200520,5525,28651,1,0.0018775167840210222,1999,8,0.06989986851022757,0.2622943381054866,-0.31933954300728656,20,32,54.191508596414934,52.61391835660534,-143.2780888770768,-162.3146133852063
20200521,5567,28800,1,0.0018589087005382637,2020,8,0.06977644856595736,0.2612518830122328,-0.3192871287138342,23,33,35.99567971384073,35.95492876003165,-162.9556962373811,-172.12886515179758
20200524,5574,28184,1,0.001814582083087952,2090,8,0.06989596002197027,0.2512750735552405,-0.31798620137062056,20,32,53.66566279948975,18.895964138949182,-141.72660762579835,-178.48930605732485
20200525,5573,28144,1,0.0018126571438618845,2097,7,0.06979572094183423,0.24851442950715785,-0.3171351942595091,20,31,53.69866577445957,35.80162592337199,-141.55995715762066,-168.62981041762254
20200527,5582,28174,1,0.0018087421166057664,2101,7,0.06975086080682892,0.2478798544969519,-0.31694602050188747,21,37,34.80331396512223,35.31837480561292,-159.06749699323726,-172.85550808480633
20200601,5502,27581,1,0.0018225429552447125,2070,7,0.06953013783747267,0.24971741181670223,-0.31666104301823284,23,39,34.06922745766727,2.7205141934134485,-160.49669980154047,-186.43446972472196
20200602,5509,27584,1,0.00181811159213556,2083,7,0.06957227369962328,0.24812987180655968,-0.3167334140109437,21,38,33.86331131976381,18.573182409726407,-158.0603081725551,-179.14206690614006
20200603,5521,27620,1,0.0018125785866349563,2094,7,0.06948094019383755,0.24725678400636736,-0.3160219613817275,23,40,34.124721347643,80.4278106954988,-160.53696699865554,-153.38633211123627
20200604,5016,24465,1,0.0019451215730798036,1934,7,0.067478135732657,0.21294548183645404,-0.2944851290117193,23,36,59.99914965374951,10.142609161393025,-132.66210537991245,-172.36433212879015
20200610,5266,25576,1,0.0018449448503885775,2040,8,0.06947466804879887,0.24663506436449328,-0.3007170466552369,19,33,69.91528957477573,33.22556635567879,-117.15824006038152,-163.38769635067982
20200615,5710,28750,1,0.001763890793379673,2175,7,0.06696101546803344,0.2484952736300508,-0.3008947715128719,21,35,34.40958745038907,34.790917913775516,-160.9222898341677,-173.57176449009302
20200616,5734,28923,1,0.0017596800196830094,2187,7,0.06687041848403423,0.24708300744416764,-0.3006630845934351,22,34,53.15217885461107,18.834478535307497,-148.21122128273637,-181.58081417673566
20200617,5741,28993,1,0.0017596395388145784,2190,7,0.0667906303209997,0.24735826854243873,-0.30088770292422956,21,34,34.62906838458889,18.899001235982865,-161.4524010406182,-181.7601481057075
20200618,5751,29052,1,0.0017570932843437436,2191,7,0.06668879818320368,0.24760093969645477,-0.3010136839373278,18,31,53.827620775780744,68.93125717043321,-138.39043836975358,-152.75876665823577
20200621,5788,29549,1,0.0017643745262747844,2183,7,0.06701827186278758,0.25021475620372813,-0.2992998728660029,23,37,72.47225491738034,35.42474603355803,-137.63033703302793,-176.8682675918249
20200622,5806,29639,1,0.0017587912115626027,2179,7,0.06692634720296718,0.25088039856404476,-0.2990531317431538,24,34,90.98644097567689,19.500693195626475,-126.93132092570276,-183.39954427651762
20200624,5751,29409,1,0.0017786849924020776,2130,7,0.06708519343122964,0.2525289787085594,-0.2995364480743569,21,35,35.37239990908622,-29.156403620321623,-162.18160910000475,-207.08233779949185
20200629,5805,29661,1,0.001760703212789184,2139,7,0.06666548232035882,0.2517453546795815,-0.29906484466923605,20,31,55.28501802478061,37.13776765567515,-144.28241228073878,-172.31237186451025
20200630,5783,29502,1,0.001764615845546887,2140,7,0.06688447685572976,0.25080781124939366,-0.2988175956764945,22,34,54.77827790005381,20.61500500681891,-148.72941419728076,-182.42318681589936
20200701,5794,29662,1,0.0017674551690436621,2146,7,0.06731217645143522,0.25088938605436106,-0.29924844581228616,22,30,54.9512881670861,54.57997958041678,-149.09398479205854,-161.53628090587443
20200702,5802,29760,1,0.0017684074367950325,2141,7,0.0673493737443144,0.2521814893304331,-0.2997146921504624,23,40,73.92462344932171,52.224435176026816,-137.24545493395675,-171.85120804301732
20200705,5847,30023,1,0.0017566780593584342,2172,7,0.067431671771636,0.25386499619299757,-0.29911731359582583,20,34,56.24222534442687,21.24462285493133,-144.5073082699633,-183.65111320260712
20200706,5850,29980,1,0.0017523632500551633,2178,7,0.06748776537910879,0.2534388669364163,-0.29950528042674157,21,35,36.82813730480839,37.86166638851847,-162.55978560398378,-175.7244094727772
20200708,5861,29954,1,0.0017442771184313735,2195,7,0.06760880659602807,0.25281357351174366,-0.30029790113425064,17,36,35.369341620770086,21.659140704692096,-156.43605505763304,-184.08828581953796
20200713,5886,30226,1,0.001745194954489304,2198,7,0.06759298414382,0.2520623882250006,-0.30108514965644145,19,34,76.5948500822121,21.247135447833422,-124.0012712185884,-184.24081559074
20200714,5882,30201,1,0.0017461241519075399,2195,6,0.06770280561331303,0.25135498259920735,-0.30084646451496444,24,32,93.6153872442161,21.589523012376766,-126.55685634840079,-183.05171727678757
20200715,5880,30163,1,0.0017451137624636519,2196,7,0.06770465043319834,0.25119198253018815,-0.30113470022886235,20,32,56.5592050202574,21.519564370905158,-144.5197535759072,-182.9776016067088
20200716,5881,30163,1,0.0017445202872851233,2194,7,0.06761247527925389,0.25158820301859325,-0.30140888747728095,21,32,37.01658484734709,55.049735831766384,-162.89908728303345,-164.81334375643212
20200719,5882,30048,1,0.001737278186699704,2196,7,0.06734707512770313,0.2504883431970719,-0.30051034599596815,25,36,74.39624073989222,-11.648246088800391,-141.9960245477132,-200.4888012789584
20200720,5885,30080,1,0.0017373555115697595,2200,7,0.06732617543996283,0.25113468814252815,-0.30019579866291723,27,41,38.17172202531107,36.790109590223935,-169.28490794570075,-179.92751517093478
20200722,5883,30071,1,0.0017380169106253804,2202,7,0.06738459977979105,0.2509947404765069,-0.30066458919977274,22,32,55.6860188143023,21.10478363782051,-149.46578152136019,-182.92209520681058
20200727,5884,29872,1,0.001725928434751851,2217,7,0.06707278677934762,0.2527192436421206,-0.3028149240650653,19,36,75.7825951214921,53.666579366019434,-123.37083882034942,-168.28397843305385
20200728,5889,29894,1,0.0017242676102091593,2215,7,0.06708193889229651,0.25316858035406065,-0.3026725498274399,24,36,93.14635722458144,54.103812480666825,-125.62648019162022,-168.1284162128055
20200729,5891,29943,1,0.0017259212997640498,2213,7,0.06707516157413825,0.25328647725273984,-0.30250172213460375,24,37,93.09659209364116,37.668279272294065,-125.81838691041773,-176.87969156668424
20200730,5891,29933,1,0.0017253448974998264,2217,6,0.06724487378832274,0.2542921614285262,-0.302750074383518,24,36,93.19473346213196,-11.23289285335025,-125.72365181452132,-199.98767383445525
20200802,5907,29846,1,0.0017110224852753518,2233,7,0.06712667354004952,0.2525470602231408,-0.30323920319067976,21,34,36.30797363537067,21.035240307322002,-162.37609307130856,-183.1870302512801
20200803,5912,29906,1,0.0017115631987242427,2233,7,0.06719153878196198,0.25394937489901964,-0.30356040544126794,25,36,74.3801109001981,86.52366228738542,-141.29867214932,-152.29643233746344
20200805,5904,29657,1,0.0017019158417909777,2240,7,0.0670793927628589,0.25348185841140475,-0.30437993823866766,18,33,55.49562171237082,37.67744326847562,-137.994312812894,-173.31261278062803
20200810,5943,29925,1,0.0016948285725499617,2256,7,0.06734423365857965,0.2547902797373023,-0.30288665236915363,21,39,36.45973279446801,5.4226320147320095,-162.39784327724095,-192.499396902355
20200811,5874,29774,1,0.0017261289508882284,2197,7,0.06779386367974996,0.25562413779830734,-0.3012914820816075,23,35,74.49146579584145,37.70809232294684,-136.3476690149547,-175.10129417042904
20200812,5861,29714,1,0.0017303014721596391,2183,7,0.06787997813577033,0.257164154795582,-0.30122568614455414,22,36,55.67968170449401,-11.161347172008881,-148.3538070999418,-199.27491055101328
20200813,5864,29715,1,0.0017285895151665624,2189,7,0.06784206506015791,0.25786534606449435,-0.30148937816543775,21,32,36.598884094724745,54.705714569150686,-161.84193748267762,-163.57608430079367
20200816,5873,29709,1,0.0017229472517979337,2197,7,0.06824825504928594,0.2611583847652015,-0.30012571375631647,23,37,74.82152908245128,70.19369492581473,-135.86700181243927,-160.780809220378
20200817,5874,29738,1,0.0017240418734974854,2197,7,0.06814921647052563,0.26119007924335563,-0.29949942332419516,21,31,37.14563870878871,38.425457451535536,-161.4302942327031,-171.6929580990154
20200819,5859,29701,1,0.0017307255382564583,2188,7,0.06846892454030434,0.2624140869732484,-0.2990567169662857,23,33,75.30199162567942,5.3500992657209885,-135.56994417033604,-190.60200833219352
20200824,5869,29855,1,0.0017337754794726906,2196,7,0.06685202116042707,0.26554130460759895,-0.2912420881490529,22,32,56.83290418366509,21.999543412567427,-147.88307706357594,-181.79354849213007
20200825,5911,30010,1,0.0017180964910698772,2228,7,0.0667429396341994,0.26437239598600937,-0.2947454403397746,22,36,56.90243799770666,21.716873321030015,-148.14515319800574,-184.20427390680138
20200826,5900,29888,1,0.0017174988004286852,2231,7,0.06681681210624245,0.2629377522011423,-0.2961826151900159,21,36,37.18858761425355,-11.104658956015605,-161.8050587929974,-199.81658521335905
20200827,5910,29908,1,0.0017128364515512915,2237,7,0.06673469321889668,0.26194553085485567,-0.2968085782392017,25,39,75.31818536158715,37.39528309438594,-140.64708239837285,-178.01419855910868
20200830,5939,29925,1,0.0016971125154689609,2263,8,0.06715287392190919,0.2579806342946735,-0.30195460819033204,20,32,56.80481631745389,21.467314936522115,-143.12045337499796,-182.2480310587435
20200831,5956,30100,1,0.0016973055696997686,2268,8,0.06725341979513826,0.2577167449946136,-0.3008665186950654,23,37,76.22424362019669,5.026554625576171,-135.62707811578042,-192.81326702491822
20200902,5958,29893,1,0.0016845014874700937,2288,8,0.06806835115350729,0.2542742633113243,-0.30802936560366595,23,36,76.32920608861627,-11.229615413461495,-134.79030866615938,-199.98458254828378
20200907,5983,29999,1,0.0016763757202858227,2302,8,0.06787901603110236,0.25382845710824786,-0.3068103098762904,21,34,38.3775465962178,-10.790133235761107,-160.92466994020708,-200.15610872482048
20200908,5946,29921,1,0.001692892324726859,2278,8,0.06810138274387371,0.25391172028146725,-0.3055531733072126,22,37,57.897125754813835,71.07920256476353,-146.8695474614972,-160.77554027664786
20200909,5968,30114,1,0.001691272508178359,2282,8,0.06822414503502267,0.2543298620640196,-0.3050009111807292,19,34,38.32159785923134,-10.347051369553398,-157.8509004054807,-200.2200238785248
20200910,5986,30364,1,0.0016950718482362493,2288,8,0.0682476583044168,0.25418810064262826,-0.30428214408017284,22,36,58.75652039523229,55.9845267178716,-147.50215898043703,-168.44993474850918
20200913,5993,30443,1,0.0016955139251244832,2282,8,0.06815114844316553,0.2546009058941973,-0.30319268886484607,17,38,79.48150487456613,55.86994267808283,-112.48588803629148,-170.40343032381713
20200914,5970,30322,1,0.0017018133612160878,2264,8,0.0681532859258416,0.2559742963387819,-0.30273879885225574,24,42,58.936387271385115,-8.502222482601148,-151.36679036456428,-200.12291003858962
20200916,5978,30346,1,0.0016986045481695669,2261,8,0.06771229166449771,0.25368637226270174,-0.30139939798070114,21,34,78.27452213817112,56.53982528247623,-129.0024977339076,-166.2974616765343
20200921,5989,29862,1,0.001665377842008947,2280,8,0.06597650965463879,0.2482029362805059,-0.2945141303660425,25,35,75.39101946039384,6.935933653143657,-139.94013606215316,-190.76848970843943
20200922,5917,29283,1,0.001673076613230829,2256,8,0.0654317826465108,0.24575171718748579,-0.29380054712193737,17,32,78.0922796613323,56.02356179927625,-110.13944479470918,-161.23024235963706
20200923,5908,29194,1,0.0016730778201825885,2263,8,0.06552581919318683,0.24549620405493594,-0.29419703394625113,18,32,57.71715229287091,56.06995778469836,-134.15752053711398,-160.9371892139931
20200924,5964,29510,1,0.0016595745303055406,2271,8,0.06516695032043121,0.24544823214788575,-0.2932727129436728,14,35,57.51415613670829,39.32620168008816,-118.8449361069456,-173.2738266337409
20200927,5981,29588,1,0.001654514658738178,2266,8,0.06520169092731495,0.2503195060222402,-0.29254312179467856,21,38,38.958822833073526,-8.274367838042796,-159.1005816766337,-197.75705687769772
20200928,5963,29521,1,0.0016607500699128467,2264,8,0.06529067004833404,0.25337293018374146,-0.2926673108266656,17,36,78.61931910837517,-8.439141037874705,-110.03844373015487,-197.5767589324694
20200930,5958,29502,1,0.0016624682328084403,2261,8,0.06524316631775096,0.24753272982787944,-0.29304698823333925,20,37,58.136486630915634,71.29135432971007,-140.3464737066736,-159.1974827408277
20201005,5968,29864,1,0.0016772319248269413,2072,8,0.06148710402229599,0.2864718694103097,-0.273856399894528,21,35,38.500828213804226,7.433878865375174,-160.4199039537705,-190.52583789789435
20201006,5940,29984,1,0.0016998859901705499,1957,7,0.05983680079475201,0.3041689716259755,-0.26032547176367693,13,31,81.93520532430661,39.70411841591976,-82.87389225544091,-171.61340708777854
20201007,5909,29934,1,0.0017149058165292538,1933,8,0.05985141549776527,0.3067954835985008,-0.2600680555070599,15,22,37.16336255222264,57.58553912521134,-149.14088349037658,-147.35306900344847
20201008,5911,29935,1,0.0017138026811121883,1939,8,0.059994961956244576,0.3057356679405504,-0.2605554859025097,12,26,59.40580659536383,21.854681172858175,-106.33204214671164,-178.62151214995006
20201011,5912,29886,1,0.001710418570088702,1951,8,0.05985452559923249,0.3074027282964224,-0.2605808696339902,15,22,37.46581573828499,57.53326770311174,-148.6274729264903,-147.22497287744218
20201012,5924,29886,1,0.001703495557379802,1958,8,0.05978948433351317,0.3075281713022705,-0.2603240566335497,18,24,57.87241861245421,57.26677151286833,-136.3982840919593,-151.3179907883595
20201014,5963,29940,1,0.0016843215708543286,1999,8,0.059864868038544364,0.30585619920976964,-0.26209134965227127,15,25,-6.8214842018255375,39.52110976999033,-199.87570574143032,-165.51098373895746
20201019,6011,30095,1,0.0016661079756442087,2020,8,0.05934965385961812,0.30626440744284483,-0.25885997406025824,16,25,15.467666423324147,39.79073347988074,-175.7073661087154,-165.69065472498642
20201020,6012,30030,1,0.0016619564066012046,2025,8,0.059287196212519724,0.3057597858975196,-0.25760466812813615,12,27,60.20477813441565,40.11543970766721,-104.4126327616248,-167.55201426277856
20201021,6018,29974,1,0.001655550770545822,2028,8,0.059134102360613595,0.30505813758466455,-0.25786396943859424,16,25,15.336579139349254,75.56624386474242,-175.4834037100485,-140.00930535039691
20201022,6015,29953,1,0.0016560416937923454,2021,8,0.05890391206677023,0.2753166706488414,-0.25941972918390216,20,20,58.03772903144514,58.03772903144514,-141.67150410610734,-141.67150410610734
20201025,5995,29413,1,0.0016370554596854292,2020,8,0.056727251692834095,0.27420700567611644,-0.25617434988956633,18,34,56.68495490663539,23.090911309391103,-135.33036098774238,-180.74353014877747
20201026,5996,29354,1,0.0016332267104953483,2026,8,0.05665711076699717,0.27364078570003125,-0.25642110132624957,19,29,77.2465276970112,72.36477216693348,-118.97837630174759,-147.61144609094885
20201102,5932,28505,1,0.0016203990302959194,2170,9,0.060982756915601406,0.2480814522655075,-0.282253628575034,25,44,74.08936529096636,51.564372076049224,-136.2180663654043,-170.177649762989
20201103,5913,28286,1,0.0016183007235954264,2180,9,0.06186540401380915,0.24310769396212067,-0.277613626445773,24,39,55.96636639381997,36.97764574812748,-146.73629737059593,-173.0083178645685
20201104,5939,28270,1,0.00160325382831437,2212,9,0.061713657938364405,0.24209534326037652,-0.2783860857903121,24,39,91.68693805326409,36.943893149300926,-119.88638402892815,-172.93198804891964
20201105,5917,28011,1,0.0016004012230034065,2340,7,0.0619988578423884,0.24019418701455023,-0.2781958049025086,20,41,55.29071990163558,95.95963255884291,-137.69967774632485,-147.03046327878354
20201108,5934,27897,1,0.0015847676881223544,2386,9,0.06131382462825759,0.23927163515788538,-0.27862917673547893,26,40,19.842967945155472,20.946133703629975,-173.7181033577743,-179.54963444555455
20201109,5974,27984,1,0.0015684910856806752,2416,9,0.06121284444942947,0.2377080223628716,-0.2793022555167616,24,47,54.931342470918224,93.59739491303083,-146.1680879444234,-153.5562119288283
20201117,6136,28934,1,0.0015372289501003602,2455,9,0.06125742136868729,0.23961030354790508,-0.2788186393214622,28,44,90.03289060176016,51.72503578535367,-132.09370398786902,-171.05403660819215
20201118,6142,28955,1,0.0015353403208683636,2454,9,0.06127894701900107,0.23947537787051426,-0.27780566612495017,25,50,74.26830536435295,50.44518251521578,-136.41194669852663,-174.82942379031238
20201119,6160,29040,1,0.0015308607612553057,2474,9,0.06126621328562367,0.2381465758737973,-0.278555451714371,31,50,39.40578093589847,21.2277239177482,-168.30531310342892,-185.97865811808148
20201122,6216,29182,1,0.001510751068273192,2520,8,0.061545505347866646,0.23623094338013995,-0.27820490077710386,37,53,7.8785397948126406,36.376462660760865,-188.905510860895,-181.80314774854537
20201123,6228,29220,1,0.001506894117945562,2534,7,0.06151799764836749,0.23603503701254056,-0.27869930130043497,29,42,40.19940363650849,23.04252755673253,-166.43349812203232,-183.30300700149516
20201201,6327,28868,1,0.0014425127825131152,2676,7,0.060581865820740724,0.22072297466937282,-0.282814613369958,32,48,56.412018849582964,51.99550691692111,-158.20013619839204,-172.55770104296616
20201202,6329,28836,1,0.001440003164051896,2679,7,0.06052084513607621,0.2207957545939807,-0.2829395839002554,33,47,72.04105255207786,154.65487050866034,-150.19402077015155,-130.0601490103124
20201203,6327,28801,1,0.0014391648416641344,2680,7,0.060407015815450396,0.22027117649122865,-0.28359898981980824,35,44,71.06403926685488,53.11050768383579,-153.13346671325988,-169.5947993806431
20201206,6352,28820,1,0.0014287997645702872,2692,8,0.060201710884201114,0.21857248492003295,-0.2833920248228384,29,49,73.70508603171228,66.04138192500689,-142.92588927703108,-167.34976712400882
20201207,6376,28917,1,0.0014228356336260979,2707,8,0.060352298908085224,0.21742488404496044,-0.2836638783461873,28,49,57.02497990248776,66.35324815849899,-152.67928392079784,-167.4861650625192
20201215,6413,29176,1,0.0014190607642636376,2734,8,0.06088254603342388,0.21742999566436086,-0.2847377842785055,33,53,40.167403686386805,9.35772042999733,-169.45928731204526,-191.44046597511743
20201216,6404,29184,1,0.001423442692530818,2727,8,0.060936693082333265,0.21744491550660586,-0.2850549078061641,29,44,73.95871899805627,83.57917239708728,-143.7634057154397,-157.3535055056033
20201220,6401,28967,1,0.0014141833307295736,2735,7,0.06087410794679714,0.2160366466398428,-0.2856362525315907,34,51,55.97749887462586,66.73143662032132,-160.67158465159088,-168.64279367666336
20201221,6409,29014,1,0.0014129436036129748,2730,7,0.06083531601958997,0.21725610959250688,-0.28589313335044186,31,49,40.30561892664893,96.32885974642005,-167.1884578751232,-155.86623645705367
20201229,6499,29006,2,0.0013736990386711482,2834,8,0.060092718403189464,0.21742329553043804,-0.2867769826451804,25,44,74.79954675980397,83.21896618929439,-133.98125856732682,-156.54600554750203
20201230,6553,29087,1,0.0013549237950275642,2874,7,0.05989047531775644,0.2154740775171071,-0.2860126519595653,30,39,23.39743745350599,39.50718606991926,-177.22156936715538,-173.43919654570573
20210103,6659,29457,2,0.001328818619032795,2894,7,0.05817637143955071,0.2241488199561642,-0.29076676872743173,25,40,74.82154636481303,24.07635410000466,-134.46257006836234,-182.67258829054782
20210104,6669,29434,2,0.0013238018163348887,2895,8,0.05790969851792723,0.22470700508170394,-0.29119142759690453,26,45,92.98763608469258,68.2885180092936,-122.89009836097445,-164.83484641450704
20210112,6783,29742,1,0.0012930656128412345,2953,8,0.05719729789197959,0.22072344787036727,-0.2935656896690671,32,46,56.772925839318034,113.08535276308899,-159.42815872545125,-146.65379806794365
20210113,6792,29773,1,0.001290984967806244,2951,8,0.057167464114832534,0.2214060578710993,-0.29371290676805495,36,54,55.92810083986413,23.931157498512345,-164.21064498100753,-188.09838374257856
20210117,6839,29745,1,0.0012721029763189552,2981,8,0.056138051630438744,0.2204240784332802,-0.29496983795796544,34,48,23.276642713878577,53.568043033169474,-181.37681184717673,-173.78430662056343
20210126,6992,30037,1,0.0012289828668241973,3045,8,0.053925158804569925,0.2220928338335037,-0.2940915365456151,40,53,116.75768408843928,152.52212552086286,-136.7392085891745,-138.312426950132
20210127,7016,30116,1,0.0012237988152119055,3051,8,0.05360454074838116,0.22112781576695256,-0.29348651149289867,36,59,55.30239634318084,36.700701342991735,-165.10314130242313,-185.82361952786252
20210131,7042,30094,1,0.0012138905968091063,3085,8,0.05340193255236142,0.21917105475892518,-0.2949363729255948,39,57,39.6311290855607,8.944940530596941,-175.92616259074444,-195.27185457314062
20210209,7296,30703,1,0.0011537207051212678,3262,7,0.052820997923258416,0.2143312262464572,-0.2939294597724801,25,58,75.4669539198621,-90.52894978153908,-134.49169331486664,-234.0027490077409
20210210,7299,30713,1,0.0011531479007830991,3259,8,0.05287210862937434,0.21382473621178302,-0.29388575724229754,39,59,40.05541424539629,8.917206994848051,-177.31509024248683,-197.53381840380953
20210214,7337,30787,1,0.0011439828811677238,3275,7,0.0527576587281087,0.2135280392745025,-0.2933370865579838,36,58,56.19086378475288,51.37489581158351,-165.96984004055264,-181.92641565649444
20210223,7729,31122,1,0.0010420944269746353,3605,7,0.050341683765899925,0.20586424288407437,-0.2959149470192218,38,66,22.750705849824246,22.079508369539035,-187.57446496380246,-195.48701493880915
20210224,7740,31037,1,0.0010362962450997382,3613,7,0.050017581734760494,0.20506088963444893,-0.2960116353721311,49,68,8.089171351752519,-5.923514899690801,-197.78010210382155,-204.91077878444776
20210228,7866,31307,1,0.001012089175184661,3683,7,0.04944047162509616,0.20334520928991767,-0.2960743822869455,39,66,38.70529816203826,22.281161347600886,-179.34283062851648,-195.99188554841544
20210309,7878,32065,1,0.0010334379792018714,3577,7,0.0485988629462354,0.20843243399735287,-0.29426847316880644,41,63,39.22629361680387,93.17489235578103,-182.48725846784674,-172.21512121140012
20210310,7896,32205,1,0.001033222904727897,3576,8,0.04871662967357839,0.2080543998437737,-0.2937238407947635,45,73,39.05984330691739,-18.487997042184737,-185.13492670349686,-212.46658610919604
20210314,7909,32141,1,0.0010277823238835943,3585,8,0.04860681263567272,0.20715411890053206,-0.28994182827394127,42,68,23.592964512303695,-4.764382196228098,-191.57906575415532,-207.74509720954453
20210323,8319,33049,1,0.0009552087199986381,3854,8,0.04668238893294651,0.19667142693078268,-0.2904083041687734,51,80,39.1910562365307,-7.115943040790235,-190.05669116525723,-212.17052850144043
20210324,8360,33214,1,0.0009505841625019819,3868,8,0.04626078398061838,0.1967076384611195,-0.29052238787237084,54,82,53.343411105880286,-112.21158692629005,-185.5844443511315,-243.0955308072288
20210328,8659,33871,1,0.0009035926578367969,4087,8,0.045348961146487364,0.1906895175211764,-0.29032680155229207,53,83,39.022734734952756,6.079297206891667,-193.15970429382648,-211.079958978577
20210406,8949,34933,1,0.0008724999204502262,4209,8,0.044288527447671346,0.18578300483366866,-0.2881474175493815,60,97,-4.796716494707354,30.204470105478762,-216.3795173778487,-209.31133084504947
20210407,8957,34934,1,0.0008709669039058779,4206,8,0.0443033923451231,0.18561582350487735,-0.28815191432867016,58,107,-4.215541741333713,-42.89830401227573,-216.07121811167886,-227.7268030636775
20210411,9059,35410,1,0.0008630646849310588,4263,8,0.044515603149463165,0.186737080183364,-0.28559343379515784,59,104,41.122029006310264,-5.8405373934002895,-198.6792366927093,-220.29459290502223
20210420,9104,35438,1,0.0008552289777969641,4256,8,0.04421749467171001,0.1845230233431079,-0.28602657169093165,56,122,26.733415008016877,-52.04322051305378,-203.97740362152527,-231.11895759970878
20210421,9114,35386,1,0.0008521009986986834,4271,8,0.044175495151736466,0.1839191402460547,-0.28641499122476094,64,111,25.89283724002704,-18.253822345158284,-206.13065245819277,-223.5320940237214
20210425,9158,35145,1,0.0008381846244671732,4320,8,0.043822008708877966,0.18160481203417567,-0.2867538862965004,55,107,71.20409896181296,-89.82198572251069,-182.89686746638324,-239.72759981091716
20210504,9434,36295,1,0.0008157011790483528,4446,9,0.041740787470995265,0.1773745726212026,-0.2793847698326041,65,112,39.8643905264466,-30.81977456495254,-203.51093136203113,-229.20020961010482
20210505,9469,36604,1,0.0008165751823161815,4449,9,0.041302346243069346,0.1769356597101189,-0.27923716625964173,72,106,52.3735248416567,-54.80789184851345,-201.86807058803421,-235.8091596216485
20210509,9590,37495,1,0.0008154764578068958,4446,9,0.04082206206073009,0.17553305131584085,-0.2774221900637505,54,104,57.39920901498944,-78.70326887188611,-194.77692534181506,-244.24352313910828
20210518,9765,39312,1,0.0008246223784540974,4466,8,0.04031066255714512,0.18063985566024157,-0.2706818248520385,63,118,42.231456325052136,19.12930882290179,-209.93581862610978,-226.53745318944755
20210519,9762,39199,1,0.0008227575334031813,4463,8,0.0402711014689042,0.18044800733088986,-0.2707148405016147,57,110,42.64163055524277,-76.52215541225867,-207.3340964788906,-247.63380239971534
20210523,9769,38908,1,0.0008154796771850718,4456,8,0.039740977730798335,0.18128880414412435,-0.27076155727720397,54,115,57.90624844663323,7.118520282297425,-198.24182845262004,-227.8426192049964
20210601,9994,40182,1,0.0008046857535115486,4519,8,0.03938135483378728,0.18063566684892468,-0.2664884982179548,54,110,58.97991247816319,-2.3670133235109745,-200.94873699246267,-233.0142908441487
20210602,10012,40394,1,0.0008060250783666533,4517,8,0.03935649504731523,0.18113761413402515,-0.26679181051263223,54,111,59.28983340611919,10.172487209442018,-201.35284503812233,-230.71494174927275
20210606,10130,41411,1,0.0008071787076037965,4562,9,0.03893297662568339,0.18161830924306355,-0.2637131326408897,64,116,-0.9407985136207202,24.283212224887038,-232.7305874324246,-230.68031324690432
20210615,10401,42776,1,0.0007909002832567875,4671,9,0.03816392981258929,0.18277558498757113,-0.2626380773884068,63,114,46.560520942911495,-45.56389875585037,-216.9301190997258,-249.9235419811942
20210616,10419,42933,1,0.0007910625792907433,4664,9,0.03840285068736125,0.18383613046871683,-0.2639455968836729,58,115,63.22041805517817,-57.27931720073268,-208.0509002221575,-252.98045504504975
20210620,10564,43798,1,0.0007849980945899941,4703,8,0.037998143261454724,0.18347621397898647,-0.26396056286449504,69,108,76.55092592431765,29.37309163820096,-210.2747949320426,-234.5319622218659
20210629,10788,44548,1,0.0007656258534189815,4754,9,0.037614518053908676,0.18403950125851154,-0.2641372223552535,72,131,61.98735988244045,40.608621362329146,-218.59804916508998,-237.0235951147699
20210630,10838,44732,1,0.0007617107623215681,4777,9,0.03718053968015021,0.18425719975671412,-0.26264519057088026,65,122,16.866162537868348,-44.1816086073963,-234.27881879538563,-254.71515188235725
20210704,10946,45126,1,0.0007533306283589768,4829,9,0.036842545315108305,0.18510273730576077,-0.2607104461593342,60,116,31.849879627127237,28.910545353159222,-227.86995538817717,-238.98961187501635
20210713,11268,48798,1,0.000768735408985102,4894,8,0.03803094844102461,0.19022813815113124,-0.25521199250342613,55,114,51.144241243990216,10.80462551643491,-225.87218091659363,-251.8155319544305
20210714,11296,49149,1,0.0007704310237802331,4900,8,0.03815939508537631,0.19047131150442084,-0.25508997884120593,63,118,85.64058404094587,62.14379938332478,-216.06715342222927,-241.52806338641275
20210718,11521,50747,1,0.0007647116617963333,5005,8,0.03816193347197422,0.1900553013025696,-0.2542317150857308,60,114,105.14184825632954,39.63542966724271,-209.27578078458436,-249.688763493406
20210727,11765,53292,1,0.000770096354527553,5094,9,0.03954523303483777,0.18813324152221775,-0.2475248581489518,73,123,93.22719464370171,83.45990048590329,-228.23062483762916,-247.5018056806031
20210728,11916,53910,1,0.000759407332654642,5210,9,0.03998350071065621,0.1864967530118872,-0.24890615965305,65,118,95.32222799593676,71.78444560496722,-224.016936301729,-250.29514263820843
20210801,12089,55312,1,0.0007570150766329953,5246,8,0.04007024578135285,0.18692573798051448,-0.2446282489245025,64,126,114.48233933438577,47.78536410949641,-218.57270618949485,-260.1767507735525
20210810,12484,58202,1,0.0007469562642361186,5373,8,0.04123411182832644,0.18433621246525767,-0.24357280486692948,68,133,85.16101193837747,91.62311205996829,-238.962650112315,-258.7255836399773
20210811,12516,58475,1,0.0007466272176807454,5383,8,0.041253130380301505,0.18376111359554834,-0.2431094118597392,65,126,136.66460556847431,106.62614999589465,-216.99536829801758,-254.52913466128098
20210815,12720,59164,1,0.0007313873514639862,5538,8,0.04131623059936212,0.18145186983567912,-0.24277048677140836,63,125,138.6829882676549,68.64001986295159,-215.33171299904475,-263.8087626995123
20210824,13184,61029,1,0.0007022711104106568,5760,8,0.040105331922741176,0.18010645347300955,-0.24008835204626874,66,134,122.15597574837588,109.28652499169567,-228.04499073042376,-260.88750459082473
20210825,13232,61184,1,0.0006989557794403364,5785,8,0.03980107424359216,0.17960280922043265,-0.23992491982909103,65,140,104.58647631481323,28.514571694480765,-234.78333836909846,-278.6502466301399
20210829,13492,62125,1,0.0006826151496765981,5941,8,0.0388541852321635,0.17636622847741862,-0.23805828356790865,73,140,104.70629477897488,82.61364049739687,-241.68608537732135,-269.7240857992298
20210907,13815,63874,1,0.0006693970108322446,6056,9,0.03831702545912573,0.17653278473049114,-0.23443632452579977,75,134,106.2450144581301,84.36092489333612,-245.6475262588491,-271.6887342284885
20210908,13758,63304,1,0.0006689322063985546,6049,9,0.03844995936224878,0.175924905778069,-0.23465720826597602,71,136,106.31781365297948,29.12201023272877,-241.99649865773557,-282.4223952639156
20210912,14138,65793,1,0.0006583615362361567,6155,9,0.036339227402556004,0.1815933086233066,-0.2163555477857213,60,139,127.55752081104482,127.24035737435642,-228.65119235600048,-267.7273272683407
20210921,14444,67118,1,0.0006434637882551436,6312,8,0.0353614511360729,0.17873532579966359,-0.21217566057037948,76,134,91.57730310629644,60.45748877590553,-257.7469392108964,-283.22237001182936
20210926,14046,64882,1,0.0006577787158878419,6165,8,0.03827129034714136,0.1725362170078975,-0.22803592790631613,71,141,107.47974526672077,100.00714888867768,-244.52250626253155,-271.88971757880586
20211010,14112,64810,1,0.000650917064910201,6138,8,0.032047336364073226,0.1440751066189702,-0.2174237366421701,75,160,94.93097143846387,82.82587758260166,-251.46488229748735,-278.58750008437977
20220222,18152,74572,1,0.00045266899276159384,8734,9,0.022154672672747542,0.1085957840948229,-0.20259692246425964,102,200,110.63287853053922,89.24690937806807,-274.3850695609237,-300.8755238205785
20220227,18879,81414,1,0.00045687155577593105,9275,10,0.027224416917971145,0.11271804785604812,-0.20563253163142367,88,202,93.0064259065586,132.12904594123034,-287.27746868194,-306.74809063547997
20220308,18991,82682,1,0.000458530438283881,9315,10,0.027763814471406537,0.11261762657765427,-0.20537999594196008,102,184,130.43635168117612,160.5742694568998,-282.7889646359481,-300.6294284461737
20220313,19016,82245,1,0.0004549084480500581,9330,10,0.027020641195860968,0.11135746819374916,-0.2043202780036521,106,196,160.51517775137495,235.062836927678,-274.1781241747577,-289.17062065705585
20220322,19152,82477,1,0.00044973559514506945,9432,9,0.027392128834743457,0.11128526544846812,-0.20416057532146029,105,194,145.53392794539113,159.68119229859911,-278.7275763631241,-302.3019644316501
20220327,19154,82718,1,0.0004509555426733787,9409,9,0.027923571386448076,0.11210063706140468,-0.20477943107361282,85,193,147.78131425302288,147.4114689648937,-266.4475729950024,-304.75671102846854
20220405,19112,81984,1,0.0004489206159805883,9427,9,0.027905834486072246,0.10752643991367185,-0.19890249194207732,102,206,96.20143922803268,182.84089184783065,-292.67709196866195,-299.78846491293365
20220410,18666,81087,1,0.000465481015275248,8974,8,0.027976572018625644,0.10964988463678663,-0.19484087039388856,113,214,176.8831358656759,109.42468629418838,-271.0607176082461,-311.8470193482081
20220419,18726,81229,1,0.0004633127555028336,8981,9,0.027985167600728045,0.10994573848462005,-0.19527856812388755,115,211,178.89127576093637,170.34013757334844,-271.6568415747981,-301.7870472683801
20220424,18812,81717,1,0.0004618442665677143,9000,9,0.02802705215862331,0.11089686560437001,-0.19557710498061692,111,215,211.65992508126772,168.35729483386504,-260.57188738478715,-303.7123143889307
20220503,16052,79924,1,0.0006204059596169778,6169,10,0.029707914364335196,0.13831553100843455,-0.18676768917295558,109,223,149.3188546373653,192.49956295904707,-279.14883117559685,-302.9071711122686
20220508,15845,79229,1,0.0006311856154464056,6048,10,0.029934881930994278,0.1388167202911346,-0.18113389772018948,95,221,149.89440697405598,145.1214733636266,-271.2062738237418,-307.9546028053656
20220517,15845,78866,1,0.0006282937402692982,6018,10,0.02969088677570221,0.13698510712946277,-0.1801567778878641,92,230,199.7778285394667,133.03165182193194,-253.27081109555553,-310.34375880404946
20220522,15888,79127,1,0.0006269653927337146,6066,10,0.029403098258908335,0.13655303330312746,-0.18043418774245623,103,231,117.7294263529906,166.72686066702212,-283.97053746562614,-306.59508652074095
20220531,15947,79552,1,0.0006256772215432579,6063,9,0.029436128873070764,0.14112627393344174,-0.18063506458810857,105,225,149.31569516427734,144.06155125127492,-276.83213727145164,-309.28466930455227
20220605,15855,78577,1,0.0006252019720950202,6032,9,0.02922590312046611,0.14010071318417433,-0.18222153626664878,100,217,98.77584733920449,96.31258589612858,-287.18661234422814,-312.56523061641354
20230604,14910,62245,1,0.0005600261528479572,6523,9,0.027122636162837988,0.11738352178195241,-0.20898719085732212,74,148,37.62967920698212,74.70686598071333,-267.8280642511978,-272.07555818867763
20230618,15197,63524,1,0.0005501494516094955,6725,9,0.026942186939692882,0.1144805717403842,-0.20338727224178577,86,167,105.8446189963611,140.722186075487,-248.95219337752454,-265.2010871879952
20230702,13061,57692,1,0.000676434865121641,5643,10,0.03162408581172631,0.12061324985770888,-0.19200774484565042,87,152,59.625274984350426,126.58474770516972,-253.9202265292243,-254.08803170952848
20230716,15100,64212,1,0.000563275757484049,6679,9,0.027735798960784496,0.11559853180594702,-0.2051627402780638,77,152,156.56627573549338,106.90180113437674,-225.7633080512781,-270.29609034744334
