alpha,xmin,KS_stat,KS_pvalue,LRatio,LR_pvalue,r_squared,timestamp
2.9551757812500004,36.0,0.10913009185657199,0.8156013420310559,0.2798011457482976,0.7796300726191335,0.9840884272898864,20190120
2.0877903872591137,2.0,0.3049645390070922,1.0926927428048298e-58,2.1977078378000368,0.027969932660046964,0.9702011313416518,20190121
2.096092377590282,2.0,0.30703012912482064,7.918829428898838e-59,2.167024780952901,0.030232964620560604,0.9698886067894328,20190123
2.1208291853087826,2.0,0.31317829457364343,1.0326976663108734e-56,2.2260609267225773,0.026010100692686857,0.9681963875970461,20190128
2.147360701283209,2.0,0.3179650238473768,4.7590114392373024e-57,2.168177451213709,0.03014518774860638,0.9693199414237775,20190129
2.2206549768807116,4.0,0.22758620689655173,1.1043601620604449e-13,0.9234868126458253,0.35575356957900306,0.9812981172611259,20190130
2.2349681124007286,11.0,0.08108108108108109,0.005491965293752416,1.8110378193456451,0.07013499761339087,0.9919694235421954,20190220
2.2142891430732643,15.0,0.06147540983606557,0.04793864715797047,0.6673034432199855,0.5045783274633883,0.99410169259352,20190225
2.2211169155161294,16.0,0.055674518201284794,0.10647595668721799,0.6738195286159495,0.500426057695504,0.9943661257639101,20190226
2.2340756974013187,16.0,0.06464646464646465,0.030520335666458176,0.7914508512216277,0.42868094593890793,0.9944370176039268,20190227
2.259717860846944,19.0,0.05145413870246085,0.18104416959823766,0.5937780916405679,0.5526605440996172,0.9940512561778219,20190228
2.2577472566824923,21.0,0.03807060124446998,0.5222718473977552,0.39064389844142233,0.6960604725803246,0.9949514348515258,20190303
2.2342618716424916,20.0,0.03991596638655462,0.4232250927033785,0.10486373661555208,0.9164839342607893,0.9953294455530804,20190304
2.2239190390190458,18.0,0.06761565836298933,0.01117615952733738,0.2731129655020026,0.7847663804489388,0.9962490336013673,20190306
2.210879930776593,17.0,0.061837455830388695,0.02525517399849997,0.143284572475102,0.886065439490585,0.9962056902496275,20190311
2.2136104980471885,17.0,0.06405693950177936,0.018985294926479504,0.2583814751573145,0.7961125120066378,0.995943178788341,20190312
2.216185648845671,18.0,0.0673076923076923,0.017144916736880494,0.04194013582660849,0.9665464207682392,0.9957605939426469,20190313
2.2294550613524207,20.0,0.05482456140350877,0.12425904413563771,0.025551306408555206,0.9796152252312021,0.9948964240862255,20190314
2.2488941430873197,20.0,0.05668934240362812,0.11305118925922952,0.3366381510871911,0.7363896927180782,0.9943430729618331,20190317
2.253877812310234,20.0,0.0502283105022831,0.2118879307199646,0.4958386775719647,0.6200082340662141,0.9937554141194335,20190318
2.2480530270333885,17.0,0.04568527918781726,0.07227260211671938,1.5390887023872142,0.12378264275371996,0.9939798358017423,20190428
2.249706286467746,17.0,0.04568527918781726,0.07227260211671938,1.6014147232159857,0.10928509387840624,0.9939721157654945,20190429
2.247619900833935,17.0,0.04701397712833545,0.05972526483412233,1.5080411727504799,0.13154398970697992,0.9942325251807481,20190501
2.26229588840051,17.0,0.052429667519181586,0.02618753296843246,1.9873967109840616,0.04687845188196544,0.9942131443653942,20190506
2.263231359119618,17.0,0.05398457583547558,0.020666965150442956,1.8981709914575968,0.05767356080808669,0.994178604465335,20190507
2.2559523024979,17.0,0.05201560468140442,0.030073629390288903,1.748367002890896,0.08040049783982461,0.993799795213005,20190508
2.24851609840713,17.0,0.042328042328042326,0.12942828064089718,1.6845656659990946,0.09207240023947676,0.993590958219467,20190509
2.237743534795709,15.0,0.08208955223880597,3.6771475598464126e-05,1.4258815514922556,0.1539025354836001,0.9965440853823064,20190617
2.2378754016987226,15.0,0.08208955223880597,3.6771475598464126e-05,1.3239639277451383,0.1855150250722022,0.9965581651310484,20190618
2.211032785044279,14.0,0.05861664712778429,0.005458471967157244,1.0908430570568437,0.2753419467604947,0.9968971512369729,20190619
2.2193564844909623,14.0,0.06113033448673587,0.0029345763887899633,1.1270906803405603,0.25970414328927427,0.9969100749572711,20190620
2.2283753933377666,14.0,0.07169753491219771,0.0002651642842520472,1.2972849835584144,0.19453314922395137,0.9969267693697789,20190623
2.227388244851701,14.0,0.07480064374290377,0.0001260617028295667,1.3313182285046068,0.1830843227689748,0.996946353179505,20190624
2.224858805323053,14.0,0.07754553971064351,7.248877316686609e-05,1.5339794767618342,0.12503470185255586,0.9968846260157161,20190626
2.1822943856143393,13.0,0.08187134502923976,1.9645250415189953e-05,0.8420657164375976,0.39975117000026217,0.9966860640086971,20190715
2.1825648381420395,13.0,0.0780885780885781,5.3577498786753855e-05,0.910471962445558,0.36257366152861736,0.9967957071743929,20190716
2.1829427983968213,13.0,0.08304498269896193,1.1933926126077475e-05,0.9796601178278646,0.32725391888794886,0.9967029073738447,20190717
2.182406634132035,13.0,0.08505747126436781,6.3359222141740205e-06,0.9963446612249541,0.3190827108914439,0.9967015313518817,20190718
2.175848858440289,13.0,0.09194097616345062,6.240269224326131e-07,0.67991122700362,0.49656067240577206,0.996746592177271,20190721
2.1778957410884936,13.0,0.09470124013528748,2.248525394968608e-07,0.8977229132136255,0.36933329062312836,0.9967709552965258,20190722
2.1910841887968813,18.0,0.051118210862619806,0.07329183185512089,0.46719646617200705,0.6403593217139858,0.9955241462936649,20190724
2.1828717657799324,18.0,0.050955414012738856,0.0740681849648337,0.312247032408938,0.7548527909160112,0.9960852174747302,20190729
2.194843364142594,19.0,0.05218855218855219,0.07591350880232395,0.4422533745164569,0.6583058664797918,0.9955711534332262,20190730
2.1833018309839742,18.0,0.052884615384615384,0.05880841287848515,0.06053591912509345,0.9517288089693988,0.9961154302105518,20190731
2.1832954598581207,18.0,0.0528,0.0591414526875782,0.23974068664628903,0.8105312911866489,0.9959677084198745,20190801
2.1676450174552464,18.0,0.04730831973898858,0.1245685618588186,-0.24428942172592027,0.8070066755807853,0.9960544727941049,20190804
2.164320473253528,18.0,0.04918032786885246,0.101153428716667,-0.18862552802868413,0.8503863234906055,0.9961312543480836,20190805
2.1654345770973276,18.0,0.049586776859504134,0.09868839201387192,-0.27886048894993115,0.7803518914015759,0.9958541336834016,20190807
2.158460538290118,15.0,0.07240437158469945,0.0008790332769535201,0.10684281572679193,0.9149136798220349,0.9963725736307361,20190812
2.1581380895888227,12.0,0.096051227321238,5.634414466971477e-08,0.7465253771567409,0.4553501076313127,0.9966903966461343,20190813
2.157620875070868,12.0,0.09334763948497854,1.613894448162436e-07,0.6083875437002475,0.5429304709799481,0.996726716825825,20190814
2.122752493419087,10.0,0.09369024856596558,1.926767140923868e-08,0.28318334133079354,0.777036297612324,0.9964357405593087,20190815
2.1237881556966816,11.0,0.07886435331230283,1.363582156942469e-05,0.05873381903378798,0.9531641221301975,0.9962909637699543,20190818
2.109430436970544,9.0,0.09560723514211886,1.0924779405397652e-09,0.25385794506446935,0.7996053056285772,0.9963161333023675,20190819
2.1214503065191406,10.0,0.1,1.6612016049365635e-09,0.32905968217775755,0.7421105776808116,0.9963051650416364,20190821
2.1249021972870947,10.0,0.10085632730732635,9.26237477257803e-10,0.41966697547554577,0.6747287535625197,0.9965522061648077,20190826
2.1298121874912783,12.0,0.07972665148063782,2.659412547592916e-05,-0.06735015708441092,0.946302947922194,0.996591716834893,20190827
2.1201480245445774,10.0,0.09245283018867924,2.4608755886567185e-08,0.1755646550946359,0.8606359721308837,0.9965925635244091,20190828
2.1184022190501297,10.0,0.0906515580736544,5.05252373950582e-08,0.13897035946228864,0.889473571455466,0.9964903247652837,20190829
2.116067922740803,10.0,0.09428571428571429,1.4178529300367473e-08,0.05592936370352407,0.955398078581818,0.9964329231181941,20190901
2.1153378490346366,11.0,0.07716701902748414,2.4009185483042327e-05,-0.2484837998848514,0.8037601029235351,0.9963565744746776,20190902
2.126939247762901,11.0,0.08597748208802457,9.865632264389363e-07,0.08821298060195545,0.9297074005091225,0.9967153343734725,20190904
2.15795090787895,13.0,0.07773851590106007,6.563606078025921e-05,0.4126825556840375,0.679839207193174,0.9968181749555503,20190909
2.1562203036392527,13.0,0.07900943396226415,4.730762703587729e-05,0.35475997481735155,0.7227694159507163,0.9968464038788178,20190910
2.154854152151524,13.0,0.08018867924528301,3.435224281326955e-05,0.35974029357719817,0.7190413566126063,0.9968073376710224,20190911
2.1519971119681984,13.0,0.0733173076923077,0.0002463299856579833,0.2945917253739741,0.7683057840013527,0.9965749245500743,20190912
2.149925670222315,13.0,0.07074340527577938,0.0004488222940937875,0.20871850803138028,0.8346679910185999,0.9966329715416552,20190915
2.147267383623772,13.0,0.07082833133253301,0.0004443091615786906,0.14754558602652665,0.8827014009828358,0.9966967678182732,20190916
2.1773129153118216,16.0,0.08689248895434462,6.558740008136945e-05,0.3672610908509685,0.713424274240852,0.9951753238479052,20190918
2.1241638165541374,12.0,0.06919642857142858,0.00035605528349669376,-0.06852026882766465,0.9453714858015844,0.996695920654899,20190923
2.109371016298023,11.0,0.08119218910585817,5.003503893079857e-06,-0.07930746689659467,0.9367880672865034,0.9965930276476788,20190924
2.140317255728331,13.0,0.08523409363745499,1.029951481940936e-05,0.13240504697204783,0.8946639229181796,0.9967292968936696,20190925
2.1233626604329863,10.0,0.10166358595194085,3.448653596949518e-10,0.4834618699270693,0.6287678273033679,0.9965946785974987,20190926
2.1243159510801397,10.0,0.09953917050691244,8.238456555829119e-10,0.40591791696766377,0.6848029128684632,0.9965218935461717,20190929
2.1209350783991265,10.0,0.0997229916897507,7.914807193688179e-10,0.3780603665001688,0.7053857499866203,0.9964952766867209,20190930
2.1173581057441884,10.0,0.09833024118738404,1.5903465831720805e-09,0.40924491307899014,0.6823599373135645,0.9964222693551655,20191002
2.106329838255723,9.0,0.09507640067911714,1.0169301271498095e-09,0.44695653532881574,0.6549064427675229,0.996274519666669,20191007
2.1767128651045073,20.0,0.07115384615384615,0.009819134852581438,-0.043681864971377014,0.9651579950736646,0.9940974058264055,20191008
2.177399203723574,19.0,0.06617076492071833,0.015860950408273435,-0.18866930811514812,0.8503520081058016,0.9947868593436421,20191009
2.122927727666964,11.0,0.10158730158730159,6.06993147070811e-09,0.17967122076340328,0.8574106882339998,0.9964676727608743,20191010
2.189795667618675,19.0,0.06785035656963437,0.014085108445171766,0.02821261819661394,0.9774925733652496,0.9948766890581404,20191013
2.1575785725937844,17.0,0.04584040747028863,0.16307130205384246,-0.2750183771555174,0.7833021195817136,0.9961494606066644,20191014
2.1623929766581105,14.0,0.08456375838926175,4.396188930824199e-05,0.2688885369897048,0.7880154583817315,0.996646408446848,20191016
2.6537841796874995,683.0,0.5168379873240698,0.16140407074251387,-0.8935756281801859,0.3715489911288079,0.995466384653467,20191021
2.1838314246707142,18.0,0.06338028169014084,0.01994404497654077,0.20883895131091598,0.8345739629536824,0.9954486009792025,20191022
2.183970486137383,18.0,0.06491228070175438,0.01566516020880856,0.25861592157395885,0.7959315974389677,0.9954138388903576,20191023
2.185038879588334,18.0,0.06118881118881119,0.02644187477251836,0.23591771873377998,0.8134965187204839,0.9953357317225886,20191024
2.1782803220703064,18.0,0.06097560975609756,0.026843966693438248,-0.037389503715157375,0.9701744416422143,0.9956644389920636,20191027
2.1752138876463203,18.0,0.06108202443280977,0.02664251380441862,-0.1188842935728034,0.9053670254189758,0.9961944811227869,20191028
2.139272670311469,10.0,0.09726156751652502,3.5872834324690396e-09,0.5197376519131108,0.6032464402529107,0.9969189520334322,20191030
2.1253545710966835,9.0,0.09795570698466781,2.94376429784005e-10,0.4589176224881408,0.6462933233506942,0.9967567423904082,20191104
2.137364089787212,10.0,0.0965583173996176,6.114290592934244e-09,0.39716141372133895,0.6912484344981065,0.9967749009919933,20191105
2.143903989152362,11.0,0.09609292502639916,4.612335694805996e-08,0.2634118454025973,0.7922331615951252,0.9967916206507097,20191106
2.146967990432915,10.0,0.10037878787878787,1.0259113885314269e-09,0.5222504682935587,0.6014959511463183,0.9968522658264172,20191107
2.144650848983156,10.0,0.09723546234509056,4.382871094408898e-09,0.5205639584621083,0.6026705621416547,0.996905460029499,20191110
2.1435265061951374,10.0,0.0965583173996176,6.114290592934244e-09,0.5384022879069481,0.5902993471947864,0.9968803425114396,20191111
2.1279633297177085,9.0,0.0913884007029877,1.0123265141712974e-08,0.6708202887945911,0.5023350209114874,0.9969024972571501,20191113
2.1761719844632905,13.0,0.078125,0.00034854240527045947,0.4217706458497957,0.6731924335520902,0.9962101971223555,20191118
2.1764492468981516,20.0,0.042643923240938165,0.35119716757419406,-1.3419331294251637,0.17961767870137024,0.9937385715052836,20200127
2.172588873098907,20.0,0.04051172707889126,0.4138569353415018,-1.436051629166071,0.1509876506273475,0.9937430743854263,20200128
2.1727710296571674,19.0,0.05421686746987952,0.10315997134545418,-1.068536495659051,0.28527857691684066,0.9942061682549157,20200129
2.177861816044669,20.0,0.040339702760084924,0.41654243273756764,-1.0877743846239465,0.27669472037182885,0.9939436401393679,20200130
2.1556903720277916,20.0,0.04693877551020408,0.22339678681114994,-0.7944644278745959,0.4269251097085506,0.9947952834948115,20200202
2.1568484430204977,21.0,0.05450733752620545,0.1132307895235013,-0.6778437319862971,0.49787077961525317,0.994193013707504,20200203
2.1513337784613427,13.0,0.10135970333745364,1.0907871358462693e-07,0.30768684548354425,0.7583206302427623,0.9960714911610778,20200205
2.122633530668307,11.0,0.07537154989384288,4.2289795786963304e-05,0.3001612068115649,0.7640541939685895,0.9966587748237046,20200210
2.1421588196361876,12.0,0.07758142276576155,5.1237308616403284e-05,0.4326138320585377,0.6652953389381077,0.9964765383087757,20200211
2.1191172499912874,11.0,0.0708245243128964,0.00014295271230410804,0.20753427293823065,0.8355926293318844,0.9965911241040843,20200212
2.1390676109498865,12.0,0.07570621468926554,7.392595167059768e-05,0.26578825918402965,0.7904022859052456,0.996469839767119,20200213
2.148038679088178,13.0,0.0825242718446602,2.493370329069332e-05,0.32201026376335357,0.7474449189617175,0.9963046546811114,20200216
2.143607497107072,13.0,0.07878967855372862,6.200018644534613e-05,0.27737871771820377,0.7814893215437335,0.9962531981684571,20200217
2.118101786967733,11.0,0.0767656090071648,1.8728574968294063e-05,0.004610720033881715,0.9963211907052605,0.996643513649871,20200219
2.1627668067305885,16.0,0.07272727272727272,0.001758840428323845,0.3034409017575787,0.7615538789893905,0.9951703759629953,20200224
2.1601362798937753,16.0,0.07283763277693475,0.0017401230890752902,0.2695750420147149,0.7874872032897255,0.9953104033451594,20200225
2.156765368604151,16.0,0.0729483282674772,0.0017215487714362444,0.21838928720594655,0.8271258116789141,0.9954627249556218,20200226
2.1560596703929136,16.0,0.07044410413476264,0.002909736316200934,0.24163555412958718,0.809062570079189,0.9952668575501908,20200227
2.139872680894313,12.0,0.08059023836549375,2.0032103647767958e-05,0.48992413558785486,0.6241875833675411,0.9965545039212208,20200301
2.1347952930832284,12.0,0.08191126279863481,1.407024929088515e-05,0.38454617879220165,0.700573676239955,0.9968184819672266,20200302
2.1343273390443738,12.0,0.07963594994311718,2.6936896397276953e-05,0.41113364376195805,0.6809745414667225,0.9968071734672811,20200304
2.1432005291262763,13.0,0.08312655086848635,2.7114908472016322e-05,0.5068010133723756,0.6122944452391076,0.9963455040600855,20200309
2.136251384047168,12.0,0.08151549942594719,1.7545840221991276e-05,0.4536300346877369,0.6500951322177699,0.9965893398317949,20200310
2.1379678369627095,12.0,0.0787037037037037,4.211351222260069e-05,0.6166277963396418,0.5374802559648701,0.9966619274169245,20200311
2.1419412729035727,12.0,0.08236658932714618,1.5532110086917528e-05,0.7370157420953447,0.46111277626938263,0.9964132260220403,20200312
2.1384769128302334,12.0,0.08422301304863583,1.1905059679949549e-05,0.6355278849593298,0.5250841860847881,0.9965365383898679,20200315
2.1469533072728515,12.0,0.08930669800235018,2.3484547708203663e-06,0.7633488424354942,0.4452553806106224,0.9963826376114099,20200316
2.1524748379058285,12.0,0.08878504672897196,2.5441060042215106e-06,0.8460057387699952,0.3975495428560215,0.9961182901275716,20200318
2.103755978456817,10.0,0.08271474019088017,4.633276198579892e-06,-0.21516308647331134,0.8296401696161497,0.9962595722955022,20200323
2.1336122548065655,12.0,0.09011264080100125,4.273033549773569e-06,0.2730686696226072,0.7848004298011159,0.9957451714781039,20200324
2.132167816862645,12.0,0.09011264080100125,4.273033549773569e-06,0.2085701806335417,0.8347837909987117,0.9957345711392434,20200325
2.128380530531755,12.0,0.08721624850657109,5.4662444109956705e-06,0.46203056310298246,0.6440594032186535,0.9959805287448898,20200326
2.1279346379593074,13.0,0.09056122448979592,4.799746718335831e-06,0.26867158636517163,0.7881824188513782,0.9959112192512539,20200329
2.129829981832952,13.0,0.08998732572877059,5.211364548074858e-06,0.31963858857840344,0.7492423183132297,0.9957241557895264,20200330
2.1283650459180175,13.0,0.08883248730964467,7.34757180889945e-06,0.2550987547648995,0.7986468259108922,0.9956948327995949,20200401
2.1285590764826052,12.0,0.09101796407185629,1.8061801591020652e-06,0.5614271450221473,0.5745063833142086,0.9959455448250769,20200406
2.1310064690439194,12.0,0.09535160905840286,4.3246443805975135e-07,0.5429883419034931,0.587137829251623,0.9956038141932977,20200407
2.130961882530816,12.0,0.09404761904761905,6.445989600512133e-07,0.5568815253906849,0.577608377905678,0.9956078777413973,20200408
2.1298508963860607,12.0,0.09574468085106383,3.3499335712282556e-07,0.56271592716148,0.5736283369774735,0.9959770526542172,20200409
2.1308074358302553,12.0,0.09579439252336448,2.7423820851436855e-07,0.49599360872353715,0.619898920219679,0.9959874030800597,20200412
2.1301491982426475,12.0,0.09462616822429906,4.022482370862458e-07,0.6445899959632373,0.5191929195887877,0.9961657571298884,20200413
2.1311111844332014,12.0,0.09389671361502347,5.470489943076964e-07,0.5687695657744545,0.5695125309251389,0.9959242861902368,20200415
2.1256066933970255,16.0,0.0496,0.08929456135882108,-0.34966881486420187,0.7265872601004741,0.9949008311110792,20200420
2.1203179307806526,16.0,0.04807692307692308,0.10815960551013415,-0.4098998594247555,0.6818794085059101,0.9949748927478242,20200421
2.1202245122159527,16.0,0.04936305732484077,0.090631230564296,-0.37765614554096255,0.7056860499544542,0.9950333024328609,20200422
2.123671661927861,12.0,0.09484777517564402,3.879290404502283e-07,0.16968947681855276,0.8652543503306898,0.9955606890456102,20200423
2.107202793881373,11.0,0.07894736842105263,2.1638821491875374e-05,0.26524223075169995,0.7908228641389755,0.9960922593408897,20200426
2.1066682684400577,11.0,0.07632998853270895,4.66514102947907e-05,0.2629068254597628,0.7926223953746742,0.996082146856788,20200427
2.119681919636635,12.0,0.09857482185273159,1.4201125803100196e-07,0.5358053640759438,0.5920930745749985,0.9955162015292626,20200429
2.120225917209416,16.0,0.040453074433656956,0.2570168871272317,-0.6595682703362601,0.5095309216539674,0.9945622825599244,20200504
2.1197061565167115,16.0,0.040453074433656956,0.2570168871272317,-0.6394782565018258,0.5225118542540428,0.9944638432080516,20200505
2.12452354420482,16.0,0.0425531914893617,0.21240184615434687,-0.37589539045460496,0.7069946675248451,0.9946500810315213,20200506
2.124602208970706,12.0,0.08732057416267942,5.382863720915981e-06,0.35201395238411826,0.7248277988539782,0.9957981241749378,20200507
2.134520919947775,17.0,0.0481319572580169,0.12812605590916426,-0.14028322838920393,0.8884362150913568,0.9943591466838367,20200510
2.1175031723167987,16.0,0.05065359477124183,0.08358525693293961,-0.6171681843710093,0.5371237986379243,0.9951752597556656,20200511
2.116819644604867,12.0,0.08647990255785627,8.61561756862542e-06,0.31956452354767484,0.7492984712830575,0.9959587774595877,20200513
2.11900770283415,14.0,0.07593123209169055,0.0006027296266072766,-0.2047254951805708,0.8377866000053994,0.9952282394585993,20200518
2.118433201001892,14.0,0.07449856733524356,0.0008156228053687233,-0.22427795627636307,0.8225410276760401,0.9952262967085337,20200519
2.1210763324511435,14.0,0.07714285714285714,0.0004536439691410942,-0.10459219049192527,0.9166994118006078,0.9954657839063359,20200520
2.121576463533958,14.0,0.07823613086770982,0.00034426740830043723,-0.06243212186058395,0.9502187152996707,0.9956503485177287,20200521
2.130196677281873,17.0,0.04448398576512456,0.2097236406306191,-0.3396709866620403,0.734104313279373,0.9940586704267829,20200524
2.1236688045316527,17.0,0.03935599284436494,0.3430858426882909,-0.46956356061473226,0.6386668639407853,0.9943027575938644,20200525
2.122861428564576,17.0,0.03935599284436494,0.3430858426882909,-0.4897469548037413,0.624312970975873,0.9940788683561261,20200527
2.1089269553809418,11.0,0.08751458576429405,3.683921071366412e-06,0.3745587831024912,0.7079886312932964,0.9961220388149026,20200601
2.111045210728733,11.0,0.08963911525029103,1.8648155563449392e-06,0.4481933688026457,0.6540136480544595,0.9960179601457141,20200602
2.1093856038124166,11.0,0.08847497089639116,2.6680368924146587e-06,0.4088641955147911,0.6826393259087508,0.9961482907769333,20200603
2.0926917181405114,9.0,0.09280500521376434,1.2238521755644473e-07,-0.15040425029944388,0.8804456881624895,0.9954213228704039,20200604
2.0605089788403803,5.0,0.15600717274357442,5.004694601997786e-36,2.1227635537075185,0.0337736703651501,0.9941569040240942,20200610
2.0752202890007942,9.0,0.09158878504672897,2.919296156882245e-08,0.025242865061123138,0.9798612464631419,0.9959280888255219,20200615
2.1189972536646335,15.0,0.07926829268292683,0.0004942622868456942,-0.12993072293466615,0.8966212369317336,0.9949144828786632,20200616
2.11624255186135,15.0,0.07469512195121951,0.0012514324567963536,-0.2655051584280298,0.7906203365649702,0.9950698985227038,20200617
2.080635217394126,9.0,0.09090909090909091,2.7830708099176513e-08,0.10994800865275796,0.9124506079114638,0.9961000696932735,20200618
2.125887258828912,15.0,0.0827178729689808,0.0001773127132929806,-0.02763072930038483,0.9779566725793603,0.9953436597190851,20200621
2.1346479855503184,15.0,0.08345534407027819,0.0001380099371730752,0.2191610908168039,0.8265245637001805,0.9952216007255243,20200622
2.1344059024861517,15.0,0.0827178729689808,0.0001773127132929806,0.25501209823618487,0.7987137550457468,0.9950885113786864,20200624
2.1131259243858036,13.0,0.07948717948717948,9.830647606514694e-05,-0.041353558729928096,0.9670140358649941,0.9959638955193988,20200629
2.134963664906839,15.0,0.08541973490427099,9.276104150706962e-05,0.2595859989778668,0.7951831373933802,0.9953847001534868,20200630
2.1260915949215304,15.0,0.08394698085419734,0.00013041513697753575,0.10511006684914405,0.916288471365252,0.9953181959919061,20200701
2.124333896973019,15.0,0.07941176470588235,0.0003542143315872756,0.03994863711808951,0.9681340752146506,0.995461718328614,20200702
2.118033425749532,15.0,0.07613469985358712,0.0006868812323151958,-0.10748686068285147,0.9144027485877839,0.9958308542436088,20200705
2.119038757343608,15.0,0.07613469985358712,0.0006868812323151958,-0.13815096981844066,0.8901211038466753,0.9959644477276438,20200706
2.1062690563373474,14.0,0.05581382473232313,0.02074764015862776,-0.22834946825519895,0.8193745701356685,0.9962832958840434,20200708
2.1242847756074896,15.0,0.08080808080808081,0.00022006251946331463,0.07939613845067015,0.9367175400172831,0.9957743297371001,20200713
2.1282788193626034,15.0,0.08633093525179857,5.898980980007902e-05,-0.00707007729842831,0.9943589414755923,0.9956057135836913,20200714
2.1317730465415887,15.0,0.0920863309352518,1.40347380471575e-05,-0.03237472032109716,0.9741732221788338,0.9954836261117106,20200715
2.131817463741055,15.0,0.09064748201438849,2.027152230817658e-05,-0.12459860564403402,0.9008413323302544,0.9953828790123594,20200716
2.1225919893906613,15.0,0.08442503639010189,0.0001042260258640428,0.09658464329420728,0.9230562523474456,0.995520535780665,20200719
2.118025882500177,15.0,0.07725947521865889,0.0005228644511645219,-0.0484746554507774,0.9613379627106151,0.9957079192152603,20200720
2.1253705021795555,15.0,0.07380607814761216,0.0010168304896953412,0.06523865675606919,0.9479839830297014,0.9957439661623003,20200722
2.1119463658882,14.0,0.06602475928473177,0.00336774345290298,-0.07300888206536077,0.9417990495094641,0.9960809143271715,20200727
2.104989907741611,13.0,0.07033248081841433,0.0008278296790164083,-0.05129278145859324,0.9590922200962665,0.9964464162096756,20200728
2.10710186725248,13.0,0.07133757961783439,0.0006418974493648262,-0.006533704104396684,0.9947868954608953,0.996375782363556,20200729
2.1085269769108024,13.0,0.07261146496815286,0.0004806279368435211,0.0739976300957493,0.9410122710021412,0.996415999292853,20200730
2.1063506719023515,13.0,0.07702182284980745,0.000182185263402243,0.1550935538969378,0.8767475639418164,0.9963625296486623,20200802
2.1070583556381925,13.0,0.0793854033290653,9.956637820007086e-05,0.22072177591721148,0.8253090748696872,0.9962361210766972,20200803
2.100192939758771,13.0,0.07682291666666667,0.00021766457482953,0.206827483286912,0.8361445916435879,0.9963134890150973,20200805
2.0936926977884918,11.0,0.08169934640522876,8.881016648166483e-06,0.4259596894747852,0.6701372194781914,0.9967416358689548,20200810
2.1011456088949916,12.0,0.08680142687277051,5.810749729526602e-06,0.4075453984146273,0.6836074577921536,0.9963480885112644,20200811
2.1033246088873896,14.0,0.07412587412587412,0.0007311706960343792,0.16994564979548557,0.865052879915094,0.9960199335590098,20200812
2.101029563120856,11.0,0.08695652173913043,1.6776819761516027e-06,0.4991961143745039,0.617641231675033,0.996527853812816,20200813
2.0953288552325757,12.0,0.08492822966507177,1.0760934138969757e-05,0.38050836013279676,0.7035680919433567,0.9964020658558725,20200816
2.092797141930811,14.0,0.07876230661040788,0.0002773393587561009,0.03676940697701146,0.9706688672415955,0.9962336992104669,20200817
2.086799268318259,12.0,0.08062575210589651,3.802300813781331e-05,0.3477760421043802,0.728008383482338,0.9965899347654261,20200819
2.0932662212365254,12.0,0.08273381294964029,2.0527119754688305e-05,0.35646143050504187,0.7214950315645908,0.9965466576153472,20200824
2.099291050093311,14.0,0.07242339832869081,0.0010141474468467007,0.1461310995037414,0.8838178960790112,0.9961539379974885,20200825
2.0988200186106454,15.0,0.06015037593984962,0.015587480606059793,0.0031719011513084232,0.9974691932867018,0.9961318845799085,20200826
2.103138079463817,14.0,0.06963788300835655,0.0017954615078207882,0.21807898076350907,0.8273675741955508,0.9961108183558638,20200827
2.0949362164264387,12.0,0.08323424494649227,1.620539083140621e-05,0.2732014206381316,0.7846983879963229,0.9967684474349399,20200830
2.0932581328869198,12.0,0.08156028368794327,2.417037599729808e-05,0.3055363134038252,0.7599577172262806,0.9969153979302137,20200831
2.096991378526103,13.0,0.07860824742268041,0.00012844416963843618,0.31398910766038374,0.7535293115577821,0.9965635396733952,20200902
2.098501330173659,17.0,0.04949852980293519,0.1078805003838581,-0.16841857584556333,0.8662539954202514,0.9957498545747908,20200907
2.0959767858183502,16.0,0.06060606060606061,0.019149318721411516,-0.15350790198755138,0.8779977592802248,0.9962478982638336,20200908
2.0935817616646273,16.0,0.06814580031695722,0.005424257248367071,-0.0036843007641852716,0.9970603599533849,0.9963064297523957,20200909
2.1121520191015435,18.0,0.04953748600014102,0.11616149902747297,-0.2569800115007456,0.7971942035369959,0.9956951013590066,20200910
2.113546077064589,18.0,0.046277805320215304,0.16436681065243774,-0.10106839513145556,0.9194961665782645,0.9955964205045292,20200913
2.095045470223519,16.0,0.06259780907668232,0.012790173892196102,-0.33569570671147786,0.7371003436902985,0.9959693052474698,20200914
2.110479449998137,18.0,0.0534192016534933,0.07327153161472066,-0.1800183362583251,0.8571381731046046,0.9951632948700105,20200916
2.105348190313898,17.0,0.05378151260504202,0.06168551803508793,-0.43416667809848086,0.6641674085807737,0.9955169583141871,20200921
2.1082497809848544,17.0,0.046153846153846156,0.1603034397157851,-0.4711446300676452,0.6375374559813327,0.9954993139299522,20200922
2.1199033541649683,18.0,0.05776173285198556,0.047671738269089325,-0.12278902252125198,0.9022741672354948,0.9950544770482032,20200923
2.1104031458321133,17.0,0.05084745762711865,0.09141757343138379,-0.24136257495504435,0.8092741162452455,0.9956309855028177,20200924
2.1044730993820315,17.0,0.044142614601018676,0.19538899299135937,-0.7124214266845554,0.4762038511759087,0.9956040165016363,20200927
2.1198025668028047,18.0,0.05357142857142857,0.07748198934747175,-0.3003550514562386,0.7639063454522307,0.9951507868670154,20200928
2.1062276564415106,13.0,0.07672634271099744,0.0001888210723723368,-0.03571107679586475,0.9715127381809037,0.9961822221506494,20200930
2.0882168650792186,11.0,0.08903365906623235,8.39749186158279e-07,-0.12111801664902161,0.9035975590085836,0.9964920939622782,20201005
2.1021559941589123,13.0,0.06878980891719745,0.0011274490748379498,-0.17688847578438208,0.8595959908716152,0.9963785537418106,20201006
2.0848268942577635,11.0,0.09031556039173014,5.668067248412334e-07,-0.2142269122864057,0.8303701102427619,0.996463385936841,20201007
2.105524947662583,13.0,0.07251908396946564,0.00048576157282958913,-0.029728064986392806,0.9762839291868703,0.9962212247610007,20201008
2.1213454804637895,14.0,0.08310626702997276,7.382066924790207e-05,0.22388320363997863,0.8228481855674861,0.9955319285836309,20201011
2.087496332021732,11.0,0.08061002178649238,1.2306672274409358e-05,-0.061140310240310525,0.9512474662531375,0.996457833495739,20201012
2.08649917656361,11.0,0.07751091703056769,3.113331638194757e-05,-0.031803165720217005,0.9746290220352948,0.996484443958245,20201014
2.089603074573411,12.0,0.07015457788347206,0.00048139916666361713,-0.12643760424970504,0.8993855371037452,0.9961361602835678,20201019
2.0869599981919746,12.0,0.07287933094384708,0.00025996869402197744,-0.16340089357290574,0.8702027993701361,0.9960910010896035,20201020
2.091145326517448,12.0,0.07646356033452807,0.0001056476592544138,-0.051627863479457935,0.9588252170945946,0.9958526419451406,20201021
2.0936605898796916,12.0,0.07875894988066826,5.7297817071601334e-05,0.016957151823848583,0.9864707987433594,0.9958773297166283,20201022
2.0835892716429245,11.0,0.08211473565804274,1.1588720324887001e-05,-0.15957820593209268,0.8732133480961399,0.9957241033589376,20201025
2.0846490707747445,11.0,0.08445945945945946,5.849380675057547e-06,-0.0829244242688736,0.9339116331641351,0.9957193597642408,20201026
2.0853406798086622,10.0,0.08108108108108109,5.990874820130836e-06,0.11826568316129506,0.9058571474037158,0.996030082821334,20201102
2.0864470995884776,10.0,0.08446298227320125,2.118341365317853e-06,0.1392571822916935,0.8892469237101744,0.996084312573879,20201103
2.0877845509899737,10.0,0.0886339937434828,5.266286307504516e-07,0.16997545761192415,0.865029437757497,0.996157070152842,20201104
2.0900525450083727,10.0,0.08786610878661087,7.163783385444939e-07,0.15282054159646533,0.8785397981585644,0.9962111736934863,20201105
2.099363224006225,11.0,0.08179723502304148,1.6851896198217713e-05,0.09171805207219447,0.9269220543667704,0.9959827244229453,20201108
2.0997638360490916,11.0,0.08160919540229886,1.731194477788621e-05,0.1195812169781696,0.9048148996209477,0.9956709307281246,20201109
2.1098125715816716,11.0,0.09271523178807947,3.1489225301768277e-07,0.41794349114360524,0.6759884334733528,0.995783399420569,20201117
2.1116224461391218,13.0,0.0626541467841826,0.004821475261012183,0.09237834999092583,0.926397440070468,0.9955511982576638,20201118
2.1127580334176557,11.0,0.09200438116100766,3.5522680322225317e-07,0.4890654808288372,0.6247953390549069,0.9958692189416934,20201119
2.1309476617148615,13.0,0.06538461538461539,0.0024195544546098415,0.5168350412415774,0.6052713164990475,0.9955286242978397,20201122
2.1239050847456378,13.0,0.05797058140925598,0.010424735089312104,0.503106394969361,0.6148894708272556,0.9955032468015343,20201123
2.114768721768585,12.0,0.061893203883495146,0.003465337873785189,0.2687075943178028,0.7881547072424631,0.9957032340334233,20201201
2.1153543282649094,12.0,0.061968408262454436,0.003438631123707091,0.3287485372715075,0.7423457640892777,0.9955284049586197,20201202
2.11838203077582,12.0,0.06067961165048544,0.0044331559657369785,0.2992479807306348,0.7647508422517562,0.9954869289830272,20201203
2.1533359243417305,13.0,0.0858974358974359,1.864086612886695e-05,0.7303498407353056,0.46517637007398616,0.994126433168473,20201206
2.156558167057742,13.0,0.09183673469387756,3.325623146260515e-06,0.7518988777033436,0.45211187310938394,0.9942521790750829,20201207
2.1117744120183417,12.0,0.07314148681055156,0.00025171701698692667,0.14460127352731098,0.885025691674122,0.9958107675376104,20201215
2.1153224361090404,12.0,0.07526881720430108,0.00014331914639659538,0.2558129031913234,0.7980953100443401,0.9957579771443807,20201216
2.119042918508549,12.0,0.078125,7.290318219748075e-05,0.37634954142907007,0.7066570531737724,0.9959424126851765,20201220
2.116494687487378,12.0,0.08062575210589651,3.802300813781331e-05,0.4037639679173099,0.6863862952652433,0.9958265352469126,20201221
2.1170920380334386,12.0,0.06996381182147166,0.0005665001309551637,0.38965159811204425,0.6967941920727652,0.9960617187248281,20201229
2.1168728491821307,12.0,0.0783132530120482,7.112550644926968e-05,0.4631684332298266,0.6432436409776114,0.996005513861453,20201230
2.106703311526595,11.0,0.07632743362831858,5.006978595498587e-05,0.37693250869871625,0.7062237617880838,0.9965837175323683,20210103
2.107860651123672,11.0,0.0787139689578714,2.620693455712375e-05,0.3952562651732929,0.6926537724108378,0.9964338452641573,20210104
2.1114814400497224,11.0,0.08278145695364239,7.539960756058437e-06,0.6374024309465631,0.5238627453384967,0.99641859172118,20210112
2.110502742132039,11.0,0.08176795580110498,1.03534250062291e-05,0.6107264343623587,0.5413807027609592,0.9963641173232758,20210113
2.122421739362975,11.0,0.08149779735682819,1.0779443855768484e-05,0.6980902992664484,0.48512072435068887,0.9962534752191048,20210117
2.131564913860487,11.0,0.08187772925764192,8.644575264060692e-06,0.783139417420712,0.43354524619018264,0.9959707581080381,20210126
2.129559740306555,11.0,0.08178844056706652,8.762127916880855e-06,0.826099864873094,0.4087474443330821,0.9960064529666788,20210127
2.124088320363027,11.0,0.0801317233809001,1.551823334726511e-05,0.6333415555514124,0.5265106218905344,0.9961569003449777,20210131
2.1237691307401363,11.0,0.07391304347826087,8.123329882991368e-05,0.6894942485852371,0.49051229134674057,0.9953468379509957,20210209
2.119604684536653,10.0,0.09072978303747535,1.029760917037488e-07,0.7447223561199608,0.4564395813184208,0.9958005876254367,20210210
2.1212211418110423,10.0,0.08481262327416174,8.555793975501066e-07,0.8579307937780238,0.3909306791529511,0.9957709363954704,20210214
2.127052279015227,10.0,0.09224730127576054,5.368418453476883e-08,0.8930855534529331,0.3718113587769073,0.9961307519733558,20210223
2.1282270561094956,10.0,0.09261083743842365,5.0107329728024946e-08,0.8661295156317373,0.38641914075009753,0.9961686915095642,20210224
2.1244214799203984,10.0,0.08571428571428572,6.162733160394629e-07,0.8302925774110731,0.40637338370274156,0.9961693148351057,20210228
2.1359186636362306,10.0,0.08514664143803216,4.081258297328123e-07,1.0112424780327969,0.311900389591496,0.9963930177547046,20210309
2.1359145677688236,10.0,0.08851224105461393,1.0900221331261656e-07,0.9672557095272873,0.33341621882464645,0.9965159570320452,20210310
2.1339503390304118,10.0,0.08396226415094339,5.986515985207979e-07,0.9591717070204784,0.33747225115168367,0.9964354585148565,20210314
2.133811834005705,10.0,0.09400921658986175,8.514710826508802e-09,0.9570194099170133,0.33855745817527005,0.9969782181867538,20210323
2.1336547310217227,10.0,0.09165902841429881,1.993978636442158e-08,1.0472813852351837,0.29496981885074525,0.9970769187323042,20210324
2.123368248863769,10.0,0.08553230209281165,1.917538576030755e-07,0.7743167294226244,0.43874351292577585,0.9971585367810517,20210328
2.1396775207120844,11.0,0.10058027079303675,1.4706288752656118e-09,0.8429995380944852,0.3992287021259968,0.996546639098177,20210406
2.1407131793665872,11.0,0.10251450676982592,6.494893413908524e-10,0.9397849335019772,0.34732788859437824,0.9961139611047811,20210407
2.118897442828654,10.0,0.08619173262972735,8.482220992657021e-08,0.7543996722135806,0.4506092683552616,0.9970063945398406,20210411
2.1409663211633676,10.0,0.09478260869565218,1.9213065936491203e-09,1.3665372996085696,0.17177038185581717,0.9956578892214843,20210420
2.1225147590825477,9.0,0.09565217391304348,1.5904496245106077e-10,0.9845820092362879,0.324829430303584,0.9966866153811974,20210421
2.125326147809182,9.0,0.100398406374502,1.82498374870654e-11,1.0633185675067989,0.2876375077226223,0.9965282408876394,20210425
2.1436096129752014,10.0,0.0970464135021097,3.6353132283299245e-10,1.1158007700948542,0.26450742409953154,0.9969390588497037,20210504
2.1534860758572494,10.0,0.09867330016583747,1.1298073581961062e-10,1.2847175311576686,0.19889100978748175,0.9968371436907347,20210505
2.1501705722625726,10.0,0.09838709677419355,6.697680840296975e-11,1.1247122575436515,0.26071098582235086,0.9974083604186883,20210509
2.164815856012744,12.0,0.09298085688240657,1.0521467231030966e-08,0.7999815884707326,0.42372146457435833,0.9976375361774009,20210518
2.1604057080625663,12.0,0.0881542699724518,8.194125445812539e-08,0.7276921473401919,0.46680205839214606,0.9977398000118823,20210519
2.1619475218237927,12.0,0.07884972170686456,2.817166629697508e-06,0.7085373736936158,0.4786116116238701,0.9977760430827914,20210523
2.164818681931608,15.0,0.0661345496009122,0.0008865873320134174,0.42777022787021884,0.6688184145800824,0.9977448052808079,20210601
2.170884027894056,15.0,0.07102593010146561,0.0002457117329687548,0.4743843508971253,0.6352258504035859,0.9979016165285332,20210602
2.1799630469864786,17.0,0.0575,0.009680495881527395,0.3847138320943031,0.7004494459904131,0.9976773818029546,20210606
2.196188744689864,18.0,0.0558437708820512,0.014375779017275256,0.48346992377465575,0.6287621100474883,0.997686936698945,20210615
2.1879230926052164,18.0,0.049872122762148335,0.039510031198976114,0.35543796146396894,0.7222615139157017,0.9978971907734282,20210616
2.1886395775222827,16.0,0.06448087431693988,0.0009454702545817594,0.5154588156342668,0.6062324417432667,0.9980268603611782,20210620
2.164234249821571,12.0,0.07913669064748201,2.916060405701841e-07,0.6247490339261462,0.532135785554136,0.997940055907193,20210629
2.187745369966143,16.0,0.0670995670995671,0.00046274738906264756,0.6437064082462901,0.5197658336617186,0.9979646200599835,20210630
2.1924884449487543,15.0,0.060756972111553786,0.0011543713693642928,0.7811369538093434,0.43472194951965226,0.9980508625812972,20210704
2.19620427270685,18.0,0.06277533039647577,0.0014889819393308257,0.5100958527419821,0.6099843105623819,0.9981602013953573,20210713
2.198497542958381,18.0,0.06318082788671024,0.0012523486087708566,0.5927786986407119,0.553329265203317,0.998189565065051,20210714
2.198065390059578,19.0,0.053452115812917596,0.011379867691265139,0.4163969649091086,0.6771195490053827,0.9981579308073881,20210718
2.2153756463619847,26.0,0.041237113402061855,0.19308135924956338,0.00712558717880135,0.9943146521147223,0.9974174732499294,20210727
2.2151120884998288,27.0,0.0365296803652968,0.3364261443455062,0.00391764839911328,0.9968741768235351,0.9970955280284702,20210728
2.215070188267772,27.0,0.03840472673559823,0.2639988521487766,-0.10619768014294508,0.9154255115173031,0.9973915799450243,20210801
2.206835921969665,28.0,0.03498542274052478,0.36224561624407714,-0.33488306890962144,0.737713294469794,0.9968774497399946,20210810
2.2061755813569137,29.0,0.03625377643504532,0.34090707049643965,-0.4382302863684283,0.6612193558897768,0.9969337480621073,20210811
2.1721783820603653,19.0,0.06521739130434782,0.00023474370526616942,-0.12048819215978133,0.9040964327936986,0.997170409164893,20210815
2.1704463578617137,21.0,0.04643962848297214,0.02964549728025412,-0.5937955972214837,0.5526488341722076,0.9973734990483469,20210824
2.2031514434041766,27.0,0.036241610738255034,0.27508795259123164,-0.15058177747693,0.8803056369327689,0.9973149006126248,20210825
2.173497755358402,17.0,0.060751398880895285,0.00018641130430157698,-0.12416012888362582,0.9011884904450664,0.9978293081369403,20210829
2.194503199199435,21.0,0.060621847363594564,0.000992752335757195,-0.05989158792148311,0.9522419797355594,0.9976162021865275,20210907
2.198945193419508,25.0,0.0430622009569378,0.08745871163160135,-0.2978954083345672,0.7657829925635672,0.9976571402561398,20210908
2.2202433217619415,28.0,0.05699481865284974,0.012745114162034325,0.050631974900061556,0.9596187832078844,0.997069385131122,20210912
2.9385498046875,1262.0,0.2196821005226326,0.9250161927292656,-0.691773638846802,0.48907949375624893,0.9976135864643119,20210921
2.202905173288564,20.0,0.06367713004484304,0.00022534769062581626,0.24410894867595392,0.8071464421242482,0.9980199816798291,20210926
2.2493156975376998,21.0,0.05758683729433273,0.0013534450739537296,0.7647072890258355,0.4444458648150653,0.9982844652144697,20211010
2.2717723273634003,21.0,0.0624,0.00011283243356525429,0.3785330501994911,0.7050346465425084,0.9982892751800954,20220222
2.292057583694267,39.0,0.029991329562812738,0.5669341149519509,-0.31597072969231693,0.7520247251583605,0.9983489237787969,20220227
2.2945439613513265,39.0,0.034271413955488744,0.3829049332662323,-0.2586459185822057,0.795908450528315,0.9983490609872723,20220308
2.2869537673918834,31.0,0.046343110312575084,0.040059579991378214,-0.30177125433557156,0.7628264455845584,0.9987433972009746,20220313
2.2724333543496664,28.0,0.040235525024533855,0.07182565148982245,-0.15548719455931018,0.8764372484301054,0.9988933234487379,20220322
2.273890927846681,28.0,0.0478515625,0.01778150118985105,0.024908591356402422,0.9801278744500092,0.9988119185994161,20220327
2.297739285719108,43.0,0.02809917355371901,0.7149172407269102,-0.5344096671741805,0.5930581320927588,0.9982717208531108,20220405
2.2539888437724795,20.0,0.06702412868632708,2.8510189829435404e-06,-0.006915695993525289,0.9944821169234237,0.9982937966427836,20220410
2.3080866609209476,45.0,0.030035335689045935,0.6753280260950518,-0.33902353248382205,0.7345920025070443,0.9983746009743925,20220419
2.3035962366613307,35.0,0.04995037979471478,0.03961679222166892,-0.2475556769834088,0.8044782079819532,0.9984838737653856,20220424
2.3499993997300197,45.0,0.020689655172413793,0.960677021501534,-0.3197016320969534,0.7491945224345333,0.9986304875892915,20220503
2.35947672296136,45.0,0.031141868512110725,0.6178991408225246,-0.11506465573524892,0.9083938744210687,0.9982451460100351,20220508
2.359107378559105,46.0,0.028525213640204217,0.744016426016218,-0.04417282818777112,0.9647666408703531,0.9972850855665792,20220517
2.2715850131455815,21.0,0.05337078651685393,0.0005764066731908791,0.21087225462852832,0.8329869549001808,0.9980153590645101,20220522
2.258700617735169,20.0,0.051827242524916946,0.0005931173027044078,0.1541419258332917,0.8774978312521354,0.9977308338018261,20220531
2.2516069013607556,20.0,0.05030591434398368,0.0011263689371944984,-0.19330972724967205,0.8467164087655349,0.9977811170043362,20220605
2.2470751177210664,28.0,0.036935704514363885,0.26491732661555945,-0.34083976764952906,0.7332242108217646,0.9980319066914473,20230604
2.2597921351701724,26.0,0.04733009708737864,0.04826598478065958,0.0537813571069259,0.9571093628935243,0.9976877847767776,20230618
2.251436944475304,23.0,0.04768539956139978,0.033192235154165584,-0.4592007901404282,0.6460899832194245,0.9969632679399524,20230702
2.254980700649683,31.0,0.038348082595870206,0.26478236179803294,-0.17551253826986946,0.8606769195824925,0.9966879734176273,20230716
